/home/basti/code/dvarapandita/data/jna030_bab:0	[179,2-182,8] || bhedābhedaparīkṣā ||	Beda NC Case=Cpd # aBeda NC Case=Cpd # parIkzA NC Case=Nom|Number=1|Gender=Fem #
/home/basti/code/dvarapandita/data/jna030_bab:1	 [179,3] (1b) || namo buddhāya ||	namas NC Case=Nom|Number=1|Gender=Neut # budDa NC Case=Dat|Number=1|Gender=Masc #
/home/basti/code/dvarapandita/data/jna030_bab:2	[179,4] pratyekapakṣopanipātiparijihīrṣayā kaiścid āśriyamāṇo bhedābhedapakṣaḥ parīkṣyate |	pratyeka JJ Case=Cpd # pakza NC Case=Cpd # upanipAtin JJ Case=Cpd # parijihIrzA NC Case=Ins|Number=1|Gender=Fem # kaScit PRI Case=Ins|Number=3|Gender=Masc # ASri KDP Case=Nom|Number=1|Gender=Masc|Tense=Pres|Voice=Pass|VerbForm=Part # Beda NC Case=Cpd # aBeda NC Case=Cpd # pakza NC Case=Nom|Number=1|Gender=Masc # parIkz V Tense=Pres|Mood=Ind|Voice=Pass|Person=3|Number=Sing #
/home/basti/code/dvarapandita/data/jna030_bab:3	[179,5] tatra kim ayam ubhayasamuccayasvabhāvaḥ,tadabhāvarupo vā? abhāvo 'pi prasajya-	tatra CAD # ka PRQ Case=Nom|Number=1|Gender=Neut # idam PRD Case=Nom|Number=1|Gender=Masc # uBaya JJ Case=Cpd # samuccaya NC Case=Cpd # svaBAva NC Case=Cpd # uttaada NC Case=Cpd # BAva NC Case=Cpd # rup NC Case=Gen|Number=1|Gender=Masc # vA CCD # aBAva NC Case=Nom|Number=1|Gender=Masc # api CX # prasaQj CGDA VerbForm=Abs #
/home/basti/code/dvarapandita/data/jna030_bab:4	[179,6] mātram, paryudāsavṛttyā vā bhāvāntaram? tad api prakṛtapratyanīkaṃ tṛtīyaṃ rūpam, uta-	mAtra NC Case=Nom|Number=1|Gender=Neut # paryudAsa NC Case=Cpd # vRtti NC Case=Ins|Number=1|Gender=Fem # vA CCD # BAva NC Case=Cpd # antara JJ Case=Nom|Number=1|Gender=Neut # tad PRD Case=Nom|Number=1|Gender=Neut # api CX # prakRta NC Case=Cpd # pratyanIka NC Case=Nom|Number=1|Gender=Neut # tRtIya JJ Case=Nom|Number=1|Gender=Neut # rUpa NC Case=Nom|Number=1|Gender=Neut # uta CCD #
/home/basti/code/dvarapandita/data/jna030_bab:5	[179,7] aprakṛtam eva kiñcit?	aprakRta JJ Case=Nom|Number=1|Gender=Neut # eva CEM # kaScit PRI Case=Nom|Number=1|Gender=Neut #
/home/basti/code/dvarapandita/data/jna030_bab:6	[179,8] tatra prathamapakṣe yāv eva bhedābhedau pṛthagdoṣajālakavalitau tāv evāmū ekavastu-	tatra CAD # praTama JJ Case=Cpd # pakza NC Case=Loc|Number=1|Gender=Masc # yad PRL Case=Nom|Number=2|Gender=Masc # eva CEM # Beda NC Case=Cpd # aBeda NC Case=Nom|Number=2|Gender=Masc # pRTak CX # doza NC Case=Cpd # jAla NC Case=Cpd # kavalita JJ Case=Nom|Number=2|Gender=Masc # tad PRD Case=Nom|Number=2|Gender=Masc # eva CEM # adas PRD Case=Nom|Number=2|Gender=Masc # eka PPX Case=Cpd # vastu NC Case=Nom|Number=1|Gender=Neut #
/home/basti/code/dvarapandita/data/jna030_bab:7	[179,9] vartināv iṣyete, tadānyāv eva vā? tattve taddūṣaṇasyāvaśyam anuvṛtter viphalo 'bhyupagamaḥ |	vartin JJ Case=Nom|Number=2|Gender=Masc # riz V Tense=Pres|Mood=Ind|Person=3|Number=Dual # tad PRD Case=Cpd # anya PPX Case=Nom|Number=2|Gender=Masc # eva CEM # vA CCD # tattva NC Case=Loc|Number=1|Gender=Neut # tad PRD Case=Cpd # dUzaNa NC Case=Gen|Number=1|Gender=Neut # avaSyam CX # anuvRtti NC Case=Abl|Number=1|Gender=Fem # viPala JJ Case=Nom|Number=1|Gender=Masc # Byupagama NC Case=Nom|Number=1|Gender=Masc #
/home/basti/code/dvarapandita/data/jna030_bab:8	[179,10] anyatve 'pi taddūṣaṇavad guṇasyāpy ananuvṛtteḥ | api nāma bhedapakṣabhāvi pṛthakpratītiprasaṅga-	anyatva NC Case=Loc|Number=1|Gender=Neut # api CX # tad PRD Case=Cpd # dUzaNa NC Case=Cpd # vat CX # guNa NC Case=Gen|Number=1|Gender=Masc # api CX # ananuvRtti NC Case=Gen|Number=1|Gender=Fem # api CX # nAma CX # Beda NC Case=Cpd # pakza NC Case=Cpd # BAvin JJ Case=Nom|Number=1|Gender=Neut # pRTak CX # pratIti NC Case=Cpd # prasaFga NC Case=Voc|Number=1|Gender=Masc #
/home/basti/code/dvarapandita/data/jna030_bab:9	[179,11] dūṣaṇam abhedam upagacchan parihariṣyāmīti bhede 'py abhedasvīkāras tatra bhavataḥ | yadi ca sa	dUzaNa NC Case=Acc|Number=1|Gender=Masc # aBeda NC Case=Acc|Number=1|Gender=Masc # upagam KDP Case=Nom|Number=1|Gender=Masc|Tense=Pres|VerbForm=Part # parihR V Tense=Fut|Mood=Ind|Person=1|Number=Sing # iti CQT # Beda NC Case=Loc|Number=1|Gender=Masc # api CX # aBeda NC Case=Cpd # svIkR NC Case=Nom|Number=1|Gender=Masc # tatra CAD # Bavat JJ Case=Gen|Number=1|Gender=Masc # yadi CSB # ca CCD # tad PRD Case=Nom|Number=1|Gender=Masc #
/home/basti/code/dvarapandita/data/jna030_bab:10	[179,12] evābhedaḥ pṛtagupalabdhibādhano 'dhunāpy upanītaḥ, syād evaṃ tatparihāraḥ, kevalam ekayogakṣema-	eva CEM # aBeda NC Case=Nom|Number=1|Gender=Masc # pRtagupalabDi NC Case=Cpd # bADana NC Case=Nom|Number=1|Gender=Masc # DunA NC Case=Nom|Number=1|Gender=Fem # api CX # upanI PPP Case=Nom|Number=1|Gender=Masc|VerbForm=PPP # as V Tense=Pres|Mood=Opt|Person=3|Number=Sing # evam CX # tad PRD Case=Cpd # parihAra NC Case=Nom|Number=1|Gender=Masc # kevalam CX # eka PPX Case=Cpd # yogakzema NC Case=Nom|Number=1|Gender=Neut #
/home/basti/code/dvarapandita/data/jna030_bab:11	[179,13] samāveśāt pramāṇāntarāvṛttim apy ākarṣet | tato yady anyatayaināṃ nākarṣet, tata eva	samAveSa NC Case=Abl|Number=1|Gender=Masc # pramANa NC Case=Cpd # antarAvRtti NC Case=Acc|Number=1|Gender=Fem # api CX # AkRz V Tense=Pres|Mood=Opt|Person=3|Number=Sing # tatas CX # yadi CSB # anyatA NC Case=Ins|Number=1|Gender=Fem # enad PRD Case=Acc|Number=1|Gender=Fem # na CNG # AkRz V Tense=Pres|Mood=Opt|Person=3|Number=Sing # tatas CX # eva CEM #
/home/basti/code/dvarapandita/data/jna030_bab:12	[179,14] pṛthagupalabdhiniṣedhanam api na sādhayet | athābhedasya pṛthagupalabdhibādhaiva phalaṃ na	pRTak CX # upalabDi NC Case=Cpd # nizeDana NC Case=Acc|Number=1|Gender=Neut # api CX # na CNG # sADay V Tense=Pres|Mood=Opt|Person=3|Number=Sing # aTa CAD # aBeda NC Case=Gen|Number=1|Gender=Masc # pRTak CX # upalabDi NC Case=Cpd # bADA NC Case=Nom|Number=1|Gender=Fem # eva CEM # Pala NC Case=Nom|Number=1|Gender=Neut # na CNG #
/home/basti/code/dvarapandita/data/jna030_bab:13	[179,15] śabdāntarāvṛttisvābhāvyāt, tathāpi dvaitābhyupagamo viphalaḥ | evaṃ bhedapakṣe 'pi vācyam |	Sabda NC Case=Cpd # antarAvRtti NC Case=Cpd # svABAvya NC Case=Abl|Number=1|Gender=Neut # taTA CX # api CX # dvEta NC Case=Cpd # aByupagama NC Case=Nom|Number=1|Gender=Masc # viPala JJ Case=Nom|Number=1|Gender=Masc # evam CX # Beda NC Case=Cpd # pakza NC Case=Loc|Number=1|Gender=Masc # api CX # vac KDG Case=Nom|Number=1|Gender=Neut|VerbForm=Ger #
/home/basti/code/dvarapandita/data/jna030_bab:14	[179,16] atha pṛthagupalabdhibādhaiva phalam abhedasya, śabdāntarāvṛttinivṛttis tu bhedasyaiva, tenāpi hi	aTa CAD # pRTak CX # upalabDi NC Case=Cpd # bADA NC Case=Nom|Number=1|Gender=Fem # eva CEM # Pala NC Case=Nom|Number=1|Gender=Neut # aBeda NC Case=Gen|Number=1|Gender=Masc # Sabda NC Case=Cpd # antarAvRtti NC Case=Cpd # nivRtti NC Case=Nom|Number=1|Gender=Fem # tu CCD # Beda NC Case=Gen|Number=1|Gender=Masc # eva CEM # tad PRD Case=Ins|Number=1|Gender=Neut # api CX # hi CX #
/home/basti/code/dvarapandita/data/jna030_bab:15	[179,17] saṃbhavinā svakāryam arjanīyam eva | evaṃ bhedasyāpi pramāṇāntarāpekṣaiva phalaṃ, pṛthagupa-	samBUin JJ Case=Ins|Number=1|Gender=Masc # sva JJ Case=Cpd # kArya NC Case=Nom|Number=1|Gender=Neut # a CNG # rjanIya JJ Case=Nom|Number=1|Gender=Neut # eva CEM # evam CX # Beda NC Case=Gen|Number=1|Gender=Masc # api CX # pramANa NC Case=Cpd # antara JJ Case=Cpd # apekzA NC Case=Nom|Number=1|Gender=Fem # eva CEM # Pala NC Case=Nom|Number=1|Gender=Neut # pRTak CX # upa CADP #
/home/basti/code/dvarapandita/data/jna030_bab:16	[179,18] labdhibādhā tv abhedasyeti |	labDi NC Case=Cpd # bADA NC Case=Nom|Number=1|Gender=Fem # tu CCD # aBeda NC Case=Gen|Number=1|Gender=Masc # iti CQT #
/home/basti/code/dvarapandita/data/jna030_bab:17	[179,19] ucyate | ubhayam ubhayasya kāryaṃ dṛṣṭaṃ, bhedasyāpi pṛthakprakāśaprasaṅgadoṣaḥ,	vac V Tense=Pres|Mood=Ind|Voice=Pass|Person=3|Number=Sing # uBaya JJ Case=Nom|Number=1|Gender=Neut # uBaya JJ Case=Gen|Number=1|Gender=Neut # kArya NC Case=Nom|Number=1|Gender=Neut # dRS PPP Case=Nom|Number=1|Gender=Neut|VerbForm=PPP # Beda NC Case=Gen|Number=1|Gender=Masc # api CX # pRTak CX # prakASa NC Case=Cpd # prasaFga NC Case=Cpd # doza NC Case=Nom|Number=1|Gender=Masc #
/home/basti/code/dvarapandita/data/jna030_bab:18	[179,20] śabdāntarāpekṣā ca guṇaḥ | abhedasyāpi śabdāntarāpekṣāprasaṅgadoṣaḥ, apṛthakpratibhāsaś ca	Sabda NC Case=Cpd # antara JJ Case=Cpd # apekzA NC Case=Nom|Number=1|Gender=Fem # ca CCD # guNa NC Case=Nom|Number=1|Gender=Masc # aBeda NC Case=Gen|Number=1|Gender=Masc # api CX # Sabda NC Case=Cpd # antara JJ Case=Cpd # apekzA NC Case=Cpd # prasaFga NC Case=Cpd # doza NC Case=Nom|Number=1|Gender=Masc # apRTak CX # pratiBAsa NC Case=Nom|Number=1|Gender=Masc # ca CCD #
/home/basti/code/dvarapandita/data/jna030_bab:19	[179,21] guṇaḥ | tatredānīṃ bhedena śabdāntaravṛttimātram ātanvatā sthātavyam | dvitīye tu kārye	guNa NC Case=Nom|Number=1|Gender=Masc # tatra CAD # idAnIm CX # Beda NC Case=Ins|Number=1|Gender=Masc # Sabda NC Case=Cpd # antara JJ Case=Cpd # vRtti NC Case=Cpd # mAtra NC Case=Nom|Number=1|Gender=Neut # Atan KDP Case=Ins|Number=1|Gender=Masc|Tense=Pres|VerbForm=Part # sTA KDG Case=Nom|Number=1|Gender=Neut|VerbForm=Ger # dvitIya JJ Case=Loc|Number=1|Gender=Neut # tu CCD # kArya NC Case=Loc|Number=1|Gender=Neut #
/home/basti/code/dvarapandita/data/jna030_bab:20	[179,22] paraprahāro 'pekṣitavyaḥ | abhedenāpi saha pratibhāsaṃ sṛjatā kāryāntare pratyanīkaprahāra	para PPX Case=Cpd # prahAra NC Case=Nom|Number=1|Gender=Masc # apekz KDG Case=Nom|Number=1|Gender=Masc|VerbForm=Ger # aBeda NC Case=Ins|Number=1|Gender=Masc # api CX # saha CX # pratiBAsa NC Case=Acc|Number=1|Gender=Neut # sRj KDP Case=Ins|Number=1|Gender=Masc|Tense=Pres|VerbForm=Part # kArya NC Case=Cpd # antara JJ Case=Loc|Number=1|Gender=Neut # pratyanIka NC Case=Cpd # prahAra NC Case=Voc|Number=1|Gender=Masc #
/home/basti/code/dvarapandita/data/jna030_bab:21	[179,23] iti kiṃkṛto vibhāgaḥ? bhavadabhiprāyānuvidhāyitayā bhāvānām, svayam eva vā	iti CQT # ka PRQ Case=Cpd # kR PPP Case=Nom|Number=1|Gender=Masc|VerbForm=PPP # viBAga NC Case=Nom|Number=1|Gender=Masc # Bavat JJ Case=Cpd # aBiprAya NC Case=Cpd # anuviDAyin JJ Case=Cpd # tA NC Case=Ins|Number=1|Gender=Fem # BAva NC Case=Gen|Number=3|Gender=Masc # svayam CX # eva CEM # vA CCD #
/home/basti/code/dvarapandita/data/jna030_bab:22	[179,24] guṇadoṣayor anunayapratighasaṃbhavāt, kālabhedasaṃbhavād vā svabhāvayoḥ, kāryāṇāṃ ca |	guNa NC Case=Cpd # doza NC Case=Gen|Number=2|Gender=Masc # anunaya NC Case=Cpd # pratiGa NC Case=Cpd # samBava NC Case=Abl|Number=1|Gender=Masc # kAla NC Case=Cpd # Beda NC Case=Cpd # samBava NC Case=Abl|Number=1|Gender=Masc # vA CCD # svaBAva NC Case=Gen|Number=2|Gender=Masc # kArya NC Case=Gen|Number=3|Gender=Neut # ca CCD #
/home/basti/code/dvarapandita/data/jna030_bab:23	[179,25] tatrāpi niyatoguṇadoṣakramo 'niyato vā? tatra prathamavikalpe bhedābhedayor anyatara eva	tatra CAD # api CX # niyam PPP Case=Cpd|VerbForm=PPP # oguNa JJ Case=Cpd # doza NC Case=Cpd # krama NC Case=Nom|Number=1|Gender=Masc # niyam PPP Case=Nom|Number=1|Gender=Masc|VerbForm=PPP # vA CCD # tatra CAD # praTama JJ Case=Cpd # vikalpa NC Case=Loc|Number=1|Gender=Masc # Beda NC Case=Cpd # aBeda NC Case=Gen|Number=2|Gender=Masc # anyatara PPX Case=Nom|Number=1|Gender=Masc # eva CEM #
/home/basti/code/dvarapandita/data/jna030_bab:24	[180,1] pakṣaḥ svakīyaṃ guṇamātram arpayan dūṣaṇasparśarahito bhaviṣyati | na cainaṃ dūṣaṇam upaneṣyata iti	pakza NC Case=Nom|Number=1|Gender=Masc # svakIya JJ Case=Acc|Number=1|Gender=Masc # guNa NC Case=Cpd # mAtra NC Case=Acc|Number=1|Gender=Masc # arpay KDP Case=Nom|Number=1|Gender=Masc|Tense=Pres|VerbForm=Part # dUzaNa NC Case=Cpd # sparSa NC Case=Cpd # rahita JJ Case=Nom|Number=1|Gender=Masc # BU V Tense=Fut|Mood=Ind|Person=3|Number=Sing # na CNG # ca CCD # enad PRD Case=Acc|Number=1|Gender=Masc # dUzaNa NC Case=Acc|Number=1|Gender=Neut # upanI KDP Case=Gen|Number=1|Gender=Masc|Tense=Fut|VerbForm=Part # iti CQT #
/home/basti/code/dvarapandita/data/jna030_bab:25	[180,2] kim ātmapramāṇānabhijñena dvaitaparigrahaḥ kṛtaḥ? caitanyaśūnyatvāc ca bhāvānāṃ nābhiprāya-	kim CX # Atman NC Case=Cpd # pramANa NC Case=Cpd # anaBijQa JJ Case=Ins|Number=1|Gender=Masc # dvEta NC Case=Cpd # parigraha NC Case=Nom|Number=1|Gender=Masc # kR PPP Case=Nom|Number=1|Gender=Masc|VerbForm=PPP # cEtanya NC Case=Cpd # SUnyatva NC Case=Abl|Number=1|Gender=Neut # ca CCD # BAva NC Case=Gen|Number=3|Gender=Masc # na CNG # aBiprAya NC Case=Voc|Number=1|Gender=Masc #
/home/basti/code/dvarapandita/data/jna030_bab:26	[180,3] anuvidhānam |	anuviDAna NC Case=Nom|Number=1|Gender=Neut #
/home/basti/code/dvarapandita/data/jna030_bab:27	[180,4] ata eva na dvitīyo 'pi vikalpaḥ | astu vaiṣamye 'nunayādiḥ sa punar ātmopakārāpakāriṇi	atas CX # eva CEM # na CNG # dvitIya JJ Case=Nom|Number=1|Gender=Masc # api CX # vikalpa NC Case=Nom|Number=1|Gender=Masc # as V Tense=Pres|Mood=Imp|Person=3|Number=Sing # vEzamya NC Case=Loc|Number=1|Gender=Neut # nunaya NC Case=Cpd # Adi NC Case=Nom|Number=1|Gender=Masc # tad PRD Case=Nom|Number=1|Gender=Masc # punar CAD # Atman NC Case=Cpd # upakAra NC Case=Cpd # apakArin JJ Case=Loc|Number=1|Gender=Neut #
/home/basti/code/dvarapandita/data/jna030_bab:28	[180,5] syāt, na vai vācakavācyatayā kiñcid eṣām apakṛtaṃ pratibhāsabhedena vopakṛtaṃ vā	as V Tense=Pres|Mood=Opt|Person=3|Number=Sing # na CNG # vE CX # vAcaka JJ Case=Cpd # vAcya NC Case=Cpd # tA NC Case=Ins|Number=1|Gender=Fem # kaScit PRI Case=Nom|Number=1|Gender=Neut # idam PRD Case=Gen|Number=3|Gender=Masc # apakR PPP Case=Nom|Number=1|Gender=Neut|VerbForm=PPP # pratiBAsa NC Case=Cpd # Beda NC Case=Ins|Number=1|Gender=Masc # vA CCD # upakR PPP Case=Nom|Number=1|Gender=Neut|VerbForm=PPP # vA CCD #
/home/basti/code/dvarapandita/data/jna030_bab:29	[180,5] taditareṇa | bhavadanurodhāt tu guṇadoṣaśabdaprayogaḥ | tatas tadanuvṛttividhurasya tathātve 'pi	tad PRD Case=Cpd # itara PPX Case=Ins|Number=1|Gender=Masc # Bavat JJ Case=Cpd # anuroDa NC Case=Abl|Number=1|Gender=Masc # tu CCD # guNa NC Case=Cpd # doza NC Case=Cpd # Sabda NC Case=Cpd # prayoga NC Case=Nom|Number=1|Gender=Masc # tatas CX # tad PRD Case=Cpd # anuvRtti NC Case=Cpd # viDura JJ Case=Gen|Number=1|Gender=Masc # taTAtva NC Case=Loc|Number=1|Gender=Neut # api CX #
/home/basti/code/dvarapandita/data/jna030_bab:30	[180,6] na kiñcit | ananuvṛttau vā caitanyam uktam eva |	na CNG # kaScit PRI Case=Acc|Number=1|Gender=Neut # ananuvRtti JJ Case=Loc|Number=1|Gender=Fem # vA CCD # cEtanya NC Case=Nom|Number=1|Gender=Neut # vac PPP Case=Nom|Number=1|Gender=Neut|VerbForm=PPP # eva CEM #
/home/basti/code/dvarapandita/data/jna030_bab:31	[180,7] syād etat | śabdodayakāraṇakaraṇakalāpavyāpāravad abhiprāyānuvṛttiḥ svabhāvād eveti |	as V Tense=Pres|Mood=Opt|Person=3|Number=Sing # etad PRD Case=Nom|Number=1|Gender=Neut # Sabda NC Case=Cpd # udaya NC Case=Cpd # kAraNa NC Case=Cpd # karaNa NC Case=Cpd # kalApa NC Case=Cpd # vyApAra NC Case=Cpd # vat CX # aBiprAya NC Case=Cpd # anuvRtti NC Case=Nom|Number=1|Gender=Fem # svaBAva NC Case=Abl|Number=1|Gender=Masc # eva CEM # iti CQT #
/home/basti/code/dvarapandita/data/jna030_bab:32	[180,8] tathāpi dvaitaparigraho 'graha eva | ekasyaiva svabhāvasya tathā vyāpārakalpanaṃ kiṃ	taTA CX # api CX # dvEta NC Case=Cpd # parigraha NC Case=Nom|Number=1|Gender=Masc # graha NC Case=Nom|Number=1|Gender=Masc # eva CEM # eka PPX Case=Gen|Number=1|Gender=Masc # eva CEM # svaBAva NC Case=Gen|Number=1|Gender=Masc # taTA CX # vyApAra NC Case=Cpd # kalpana NC Case=Nom|Number=1|Gender=Neut # ka PRQ Case=Nom|Number=1|Gender=Neut #
/home/basti/code/dvarapandita/data/jna030_bab:33	[180,9] nāsthīyata ity uktaprāyam |	na CNG # sTA V Tense=Impf|Mood=Ind|Voice=Pass|Person=3|Number=Sing # iti CQT # vac PPP Case=Cpd|VerbForm=PPP # prAya NC Case=Nom|Number=1|Gender=Neut #
/home/basti/code/dvarapandita/data/jna030_bab:34	[180,10] nāpi tṛtīyapakṣopakṣepaḥ kṣamaḥ | svabhāvayos tāvat kālabhede yadā bhedo na	na CNG # api CX # tRtIya JJ Case=Cpd # pakza NC Case=Cpd # upakzepa NC Case=Nom|Number=1|Gender=Masc # kzama JJ Case=Nom|Number=1|Gender=Masc # svaBAva NC Case=Gen|Number=2|Gender=Masc # tAvat CX # kAla NC Case=Cpd # Beda NC Case=Loc|Number=1|Gender=Masc # yadA CSB # Beda NC Case=Nom|Number=1|Gender=Masc # na CNG #
/home/basti/code/dvarapandita/data/jna030_bab:35	[180,11] tadā abhedaḥ | abhedakāle ca na bheda iti na kadācid paradoṣaparihāraḥ | tatra yathā	tadA CAD # aBeda NC Case=Nom|Number=1|Gender=Masc # aBeda NC Case=Cpd # kAla NC Case=Loc|Number=1|Gender=Masc # ca CCD # na CNG # Beda NC Case=Nom|Number=1|Gender=Masc # iti CQT # na CNG # kadAcid CX # para PPX Case=Cpd # doza NC Case=Cpd # parihAra NC Case=Nom|Number=1|Gender=Masc # tatra CAD # yaTA CCM #
/home/basti/code/dvarapandita/data/jna030_bab:36	[180,12] bhinne 'bhinne vā vastuny ekāntabhedābhedabhāvīni paryāyatvādīni kāryāṇi na vihanyante,	Bid PPP Case=Loc|Number=1|Gender=Neut|VerbForm=PPP # Bid PPP Case=Loc|Number=1|Gender=Neut|VerbForm=PPP # vA CCD # vastu NC Case=Loc|Number=1|Gender=Neut # ekAnta NC Case=Cpd # Beda NC Case=Cpd # aBeda NC Case=Cpd # BAvin JJ Case=Nom|Number=3|Gender=Neut # paryAya NC Case=Cpd # tva NC Case=Cpd # Adi NC Case=Nom|Number=3|Gender=Neut # kArya NC Case=Nom|Number=3|Gender=Neut # na CNG # vihan V Tense=Pres|Mood=Ind|Voice=Pass|Person=3|Number=Plur #
/home/basti/code/dvarapandita/data/jna030_bab:37	[180,13] tathaiva svabhāvayoḥ kālabhede na prāpnuvanti, pratidvandvano 'bhāvāt | na ca bhāvinaiva	taTA CX # eva CEM # svaBAva NC Case=Gen|Number=2|Gender=Masc # kAla NC Case=Cpd # Beda NC Case=Loc|Number=1|Gender=Masc # na CNG # prAp V Tense=Pres|Mood=Ind|Person=3|Number=Plur # pratidvaMdva JJ Case=Nom|Number=1|Gender=Masc # BAva NC Case=Abl|Number=1|Gender=Masc # na CNG # ca CCD # BAvin JJ Case=Ins|Number=1|Gender=Masc # eva CEM #
/home/basti/code/dvarapandita/data/jna030_bab:38	[180,14] niṣedho 'vastutvāt | atas tatkālakāryakālabhedaḥ | śaraṇīkaraṇīyaḥ | tatra bhedaḥ śabdāntara-	nizeDa NC Case=Nom|Number=1|Gender=Masc # vastu NC Case=Cpd # tva NC Case=Abl|Number=1|Gender=Neut # atas CX # tad PRD Case=Cpd # kAla NC Case=Cpd # kArya NC Case=Cpd # kAla NC Case=Cpd # Beda NC Case=Nom|Number=1|Gender=Masc # SaraNIkR KDG Case=Nom|Number=1|Gender=Masc|VerbForm=Ger # tatra CAD # Beda NC Case=Nom|Number=1|Gender=Masc # Sabda NC Case=Cpd # antara JJ Case=Cpd #
/home/basti/code/dvarapandita/data/jna030_bab:39	[180,15] vṛttim ādhāya yāvat pratibhāsabhedam ādhātum upakramate, tāvad evābhedenopaniyatatā pratibadhyata	vRtti NC Case=Acc|Number=1|Gender=Fem # ADA CGDA VerbForm=Abs # yAvat CX # pratiBAsa NC Case=Cpd # Beda NC Case=Acc|Number=1|Gender=Masc # ADA CGDI VerbForm=Inf # upakram V Tense=Pres|Mood=Ind|Person=3|Number=Sing # tAvat CX # eva CEM # aBeda NC Case=Ins|Number=1|Gender=Masc # upaniyam PPP Case=Cpd|VerbForm=PPP # tA NC Case=Nom|Number=1|Gender=Fem # pratibanD V Tense=Impf|Mood=Ind|Voice=Pass|Person=3|Number=Sing #
/home/basti/code/dvarapandita/data/jna030_bab:40	[180,16] iti ka evaṃ nyāyavihasto hastasamāracitaṃ vastu prastotum arhati sāhasaikabhuvaṃ bhavantam	iti CQT # ka PRQ Case=Nom|Number=1|Gender=Masc # evam CX # nyAya NC Case=Cpd # vihas PPP Case=Nom|Number=1|Gender=Masc|VerbForm=PPP # hasta NC Case=Cpd # samAracay PPP Case=Acc|Number=1|Gender=Neut|VerbForm=PPP # vastu NC Case=Acc|Number=1|Gender=Neut # prastu CGDI VerbForm=Inf # arh V Tense=Pres|Mood=Ind|Person=3|Number=Sing # sAhasa NC Case=Cpd # eka PPX Case=Cpd # BU NC Case=Acc|Number=1|Gender=Fem # Bavat JJ Case=Acc|Number=1|Gender=Masc #
/home/basti/code/dvarapandita/data/jna030_bab:41	[180,17] antareṇa? svabhāvayor eva hi kālabhedaḥ	antareNa CX # svaBAva NC Case=Gen|Number=2|Gender=Masc # eva CEM # hi CX # kAla NC Case=Cpd # Beda NC Case=Nom|Number=1|Gender=Masc #
/home/basti/code/dvarapandita/data/jna030_bab:42	[sa ca] kasya vastunas tāvad durlabhaḥ? na hi sa	tad PRD Case=Nom|Number=1|Gender=Masc # ca CCD # ka PRQ Case=Gen|Number=1|Gender=Masc # vastu NC Case=Gen|Number=1|Gender=Neut # tAvat CX # durlaBa JJ Case=Nom|Number=1|Gender=Masc # na CNG # hi CX # tad PRD Case=Nom|Number=1|Gender=Masc #
/home/basti/code/dvarapandita/data/jna030_bab:43	[180,18] paścād bhavan tasyaiva yuktaḥ, kāraṇacintāvidhuratvāc ca tatrāpi pratyekaṃ kālabhedaḥ | na	paScAt CAD # BU KDP Case=Nom|Number=1|Gender=Masc|Tense=Pres|VerbForm=Part # tad PRD Case=Gen|Number=1|Gender=Masc # eva CEM # yuj PPP Case=Nom|Number=1|Gender=Masc|VerbForm=PPP # kAraNa NC Case=Cpd # cintA NC Case=Cpd # viDura JJ Case=Cpd # tva NC Case=Abl|Number=1|Gender=Neut # ca CCD # tatra CAD # api CX # pratyekam CX # kAla NC Case=Cpd # Beda NC Case=Nom|Number=1|Gender=Masc # na CNG #
/home/basti/code/dvarapandita/data/jna030_bab:44	[180,19] hy ekasvabhāvapratibaddhatve yuktam evam | tatrāpi niyato guṇadoṣābhimatakāryakaraṇakramaḥ |	hi CX # eka PPX Case=Cpd # svaBAva NC Case=Cpd # pratibanD PPP Case=Cpd|VerbForm=PPP # tva NC Case=Loc|Number=1|Gender=Neut # yuj PPP Case=Nom|Number=1|Gender=Neut|VerbForm=PPP # evam CX # tatra CAD # api CX # niyam PPP Case=Nom|Number=1|Gender=Masc|VerbForm=PPP # guNa NC Case=Cpd # doza NC Case=Cpd # aBiman PPP Case=Cpd|VerbForm=PPP # kArya NC Case=Cpd # karaNa NC Case=Cpd # krama NC Case=Nom|Number=1|Gender=Masc #
/home/basti/code/dvarapandita/data/jna030_bab:45	[180,20] aniyamena punaḥ prapātapatanaprasaṅgād iti vyaktam iṣṭakāmatāmātrāpahṛtahṛdayo na kiñcit	aniyama NC Case=Ins|Number=1|Gender=Masc # punar CAD # prapAta NC Case=Cpd # patana NC Case=Cpd # prasaFga NC Case=Abl|Number=1|Gender=Masc # iti CQT # vyakta JJ Case=Acc|Number=1|Gender=Neut # izwakA NC Case=Cpd # tA NC Case=Cpd # mAtra NC Case=Cpd # apahR PPP Case=Cpd|VerbForm=PPP # hRdaya NC Case=Nom|Number=1|Gender=Masc # na CNG # kaScit PRI Case=Acc|Number=1|Gender=Neut #
/home/basti/code/dvarapandita/data/jna030_bab:46	[180,21] cetayata ity upekṣām arhati | na hi tad icchātiriktam atra kāraṇam ākalayāmaḥ | api ca, yadā	cetay V Tense=Pres|Mood=Ind|Person=3|Number=Sing # iti CQT # upekzA NC Case=Acc|Number=1|Gender=Fem # arh V Tense=Pres|Mood=Ind|Person=3|Number=Sing # na CNG # hi CX # tad PRD Case=Nom|Number=1|Gender=Neut # icCA NC Case=Cpd # atiric PPP Case=Nom|Number=1|Gender=Neut|VerbForm=PPP # atra CAD # kAraNa NC Case=Nom|Number=1|Gender=Neut # Akalay V Tense=Pres|Mood=Ind|Person=1|Number=Plur # api CX # ca CCD # yadA CSB #
/home/basti/code/dvarapandita/data/jna030_bab:47	[180,22] bhedasya paścād bhedābhyupagamaḥ, tadā pṛthagupalabdhiṃ bādhamānasyābhedasya dvitīyaṃ kāryaṃ	Beda NC Case=Gen|Number=1|Gender=Masc # paScAt CAD # Beda NC Case=Cpd # aByupagama NC Case=Nom|Number=1|Gender=Masc # tadA CAD # pRTak CX # upalabDi NC Case=Acc|Number=1|Gender=Fem # bAD KDP Case=Gen|Number=1|Gender=Masc|Tense=Pres|VerbForm=Part # aBeda NC Case=Gen|Number=1|Gender=Masc # dvitIya JJ Case=Nom|Number=1|Gender=Neut # kArya NC Case=Nom|Number=1|Gender=Neut #
/home/basti/code/dvarapandita/data/jna030_bab:48	[180,23] kena nivāryatām? bhedeneti cet, na, yady anyenottarakālabhāvinā, tadāsyāpi doṣāṅga-	ka PRQ Case=Ins|Number=1|Gender=Masc # nivAray V Tense=Pres|Mood=Imp|Voice=Pass|Person=3|Number=Sing # Beda NC Case=Ins|Number=1|Gender=Masc # iti CQT # ced CX # na CNG # yadi CSB # anya PPX Case=Ins|Number=1|Gender=Masc # uttara JJ Case=Cpd # kAla NC Case=Cpd # BAvin JJ Case=Ins|Number=1|Gender=Masc # tadA CAD # api CX # doza NC Case=Cpd # aFga NC Case=Voc|Number=1|Gender=Masc #
/home/basti/code/dvarapandita/data/jna030_bab:49	[180,24] nirākaraṇāyāparo mṛgyata ity anavasthā | atha prāktanena, tasya yady etāvatī śaktiḥ	nirAkaraNa NC Case=Dat|Number=1|Gender=Neut # apara PPX Case=Nom|Number=1|Gender=Masc # mRgay V Tense=Pres|Mood=Ind|Voice=Pass|Person=3|Number=Sing # iti CQT # anavasTA NC Case=Nom|Number=1|Gender=Fem # aTa CAD # prAktana JJ Case=Ins|Number=1|Gender=Neut # tad PRD Case=Gen|Number=1|Gender=Masc # yadi CSB # etAvat JJ Case=Nom|Number=1|Gender=Fem # Sakti NC Case=Nom|Number=1|Gender=Fem #
/home/basti/code/dvarapandita/data/jna030_bab:50	[180,25] paścād abhedenopanīyamānam apṛthakpratibhāsam eva kathaṃ na badhnīyāt? tad yadi pūrvāpekṣayā	paScAt CAD # aBeda NC Case=Ins|Number=1|Gender=Masc # upanI KDP Case=Acc|Number=1|Gender=Masc|Tense=Pres|Voice=Pass|VerbForm=Part # apRTak CX # pratiBAsa NC Case=Acc|Number=1|Gender=Masc # eva CEM # kaTam CX # na CNG # banD V Tense=Pres|Mood=Opt|Person=3|Number=Sing # tad PRD Case=Nom|Number=1|Gender=Neut # yadi CSB # pUrva PPX Case=Cpd # apekzA NC Case=Ins|Number=1|Gender=Fem #
/home/basti/code/dvarapandita/data/jna030_bab:51	[180,26] uttarasyāpavādakatvaṃ, pūrvatarāpekṣayā kathaṃ neti cintyam | tasmāt pratyekam ubhayakārya-	uttara JJ Case=Gen|Number=1|Gender=Neut # apavAdaka JJ Case=Cpd # tva NC Case=Nom|Number=1|Gender=Neut # pUrvatara JJ Case=Cpd # apekzA NC Case=Ins|Number=1|Gender=Fem # kaTam CX # na CNG # iti CQT # cintay KDG Case=Nom|Number=1|Gender=Neut|VerbForm=Ger # tasmAt CX # pratyekam CX # uBaya JJ Case=Cpd # kArya NC Case=Voc|Number=1|Gender=Masc #
/home/basti/code/dvarapandita/data/jna030_bab:52	[181,1] tvāt bhedābhedayor ekapratiniyataḥ parihāraḥ svīkāro vety anibandhanam etat | tataḥ pṛthak	tva NC Case=Abl|Number=1|Gender=Neut # Beda NC Case=Cpd # aBeda NC Case=Gen|Number=2|Gender=Masc # eka PPX Case=Cpd # pratiniyam PPP Case=Nom|Number=1|Gender=Masc|VerbForm=PPP # parihAra NC Case=Nom|Number=1|Gender=Masc # svIkR V Tense=Perf|Mood=Ind|Person=3|Number=Sing # vA CCD # iti CQT # anibanDana NC Case=Nom|Number=1|Gender=Neut # etad PRD Case=Nom|Number=1|Gender=Neut # tatas CX # pRTak CX #
/home/basti/code/dvarapandita/data/jna030_bab:53	[181,2] pratibhāsāpratibhāsau sahotpattyanutpattī śabdāntaravṛttyavṛttyādayaś caikasyaikadā prasajyeran |	pratiBAsA NC Case=Cpd # pratiBAsa NC Case=Nom|Number=2|Gender=Masc # saha CX # utpatti NC Case=Cpd # anutpatti NC Case=Nom|Number=2|Gender=Fem # Sabda NC Case=Cpd # antara JJ Case=Cpd # vRtti NC Case=Cpd # avRtti NC Case=Cpd # Adi NC Case=Nom|Number=3|Gender=Masc # ca CCD # eka PPX Case=Gen|Number=1|Gender=Masc # ekadA CX # prasaQj V Tense=Pres|Mood=Opt|Voice=Pass|Person=3|Number=Plur #
/home/basti/code/dvarapandita/data/jna030_bab:54	[181,3] na copādher upādhimato bhedenānubhavagandho 'pi samasti | vyaktivināśe va vyaktileśo 'pi	na CNG # ca CCD # upADi NC Case=Gen|Number=1|Gender=Masc # upADimant NC Case=Gen|Number=1|Gender=Masc # Beda NC Case=Ins|Number=1|Gender=Masc # anuBava NC Case=Cpd # ganDa NC Case=Nom|Number=1|Gender=Masc # api CX # samas V Tense=Pres|Mood=Ind|Person=3|Number=Sing # vyakti NC Case=Cpd # vinASa NC Case=Loc|Number=1|Gender=Masc # tvad PPR Case=Gen|Number=3|Gender= # vyakti NC Case=Cpd # leSa NC Case=Nom|Number=1|Gender=Masc # api CX #
/home/basti/code/dvarapandita/data/jna030_bab:55	[181,4] na sāmānyasyābhyupeyate paraiḥ |	na CNG # sAmAnya NC Case=Gen|Number=1|Gender=Neut # aByupe V Tense=Pres|Mood=Ind|Voice=Pass|Person=3|Number=Sing # para PPX Case=Ins|Number=3|Gender=Masc #
/home/basti/code/dvarapandita/data/jna030_bab:56	[181,5] vyaktirūpeṇeṣyata eveti cet nanu vyaktirūpeṇeti na nijena rūpeṇeti	vyakti NC Case=Cpd # rUpa NC Case=Ins|Number=1|Gender=Neut # iz V Tense=Pres|Mood=Ind|Voice=Pass|Person=3|Number=Sing # eva CEM # iti CQT # ced CX # nanu CX # vyakti NC Case=Cpd # rUpa NC Case=Ins|Number=1|Gender=Neut # iti CQT # na CNG # nija JJ Case=Ins|Number=1|Gender=Neut # rUpa NC Case=Ins|Number=1|Gender=Neut # iti CQT #
/home/basti/code/dvarapandita/data/jna030_bab:57	[181,6] vivakṣitam, anyathā viśeṣaṇānarthakyāt | nijasyaiva rūpasya bhedābhedacintāyām ayaṃ	vivakz PPP Case=Nom|Number=1|Gender=Neut|VerbForm=PPP # anyaTA CX # viSezaNa NC Case=Abl|Number=1|Gender=Neut # arTa NC Case=Cpd # kAya NC Case=Abl|Number=1|Gender=Masc # nija JJ Case=Gen|Number=1|Gender=Neut # eva CEM # rUpa NC Case=Gen|Number=1|Gender=Neut # Beda NC Case=Cpd # aBeda NC Case=Cpd # cintA NC Case=Loc|Number=1|Gender=Fem # idam PRD Case=Nom|Number=1|Gender=Masc #
/home/basti/code/dvarapandita/data/jna030_bab:58	[181,7] prasaṅga iti kim anena parihṛtam? atha nijam asya na rūpāntaraṃ saṃbhavaty eva, kasya tarhi	prasaFga NC Case=Nom|Number=1|Gender=Masc # iti CQT # kim CX # idam PRD Case=Ins|Number=1|Gender=Masc # parihR PPP Case=Nom|Number=1|Gender=Neut|VerbForm=PPP # aTa CAD # nija JJ Case=Nom|Number=1|Gender=Neut # idam PRD Case=Gen|Number=1|Gender=Masc # na CNG # rUpa NC Case=Cpd # antara JJ Case=Nom|Number=1|Gender=Neut # samBU V Tense=Pres|Mood=Ind|Person=3|Number=Sing # eva CEM # ka PRQ Case=Gen|Number=1|Gender=Masc # tarhi CX #
/home/basti/code/dvarapandita/data/jna030_bab:59	[181,8] bhedābhedacinteti siddhā nirupādhayo dharmāḥ | nanu bhinnasyābhedasaṃbhave 'pi śabdāntara-	Beda NC Case=Cpd # aBeda NC Case=Cpd # cintA NC Case=Nom|Number=1|Gender=Fem # iti CQT # siD PPP Case=Nom|Number=3|Gender=Masc|VerbForm=PPP # nirupADi JJ Case=Nom|Number=3|Gender=Masc # Darma NC Case=Nom|Number=3|Gender=Masc # nanu CX # Bid PPP Case=Gen|Number=1|Gender=Masc|VerbForm=PPP # aBeda NC Case=Cpd # samBava NC Case=Loc|Number=1|Gender=Masc # api CX # Sabda NC Case=Cpd # antara JJ Case=Voc|Number=1|Gender=Masc #
/home/basti/code/dvarapandita/data/jna030_bab:60	[181,9] vaiyarthyaṃ vidma iti kim atra kurmaḥ? evaṃ tarhi bhinnasyāpy upādher na bhinnaḥ prakāśa iti	vEyarTya NC Case=Nom|Number=1|Gender=Neut # vid V Tense=Perf|Mood=Ind|Person=1|Number=Plur # iti CQT # ka PRQ Case=Acc|Number=1|Gender=Neut # atra CAD # kR V Tense=Pres|Mood=Ind|Person=1|Number=Plur # evam CX # tarhi CX # Bid PPP Case=Gen|Number=1|Gender=Masc|VerbForm=PPP # api CX # upADi NC Case=Gen|Number=1|Gender=Masc # na CNG # Bid PPP Case=Nom|Number=1|Gender=Masc|VerbForm=PPP # prakASa NC Case=Nom|Number=1|Gender=Masc # iti CQT #
/home/basti/code/dvarapandita/data/jna030_bab:61	[181,10] kim atra kurma iti bruvato naikāntavāde 'pi doṣa iti tathāpi vyartho dvaitamartāśrayaḥ, paryante	ka PRQ Case=Acc|Number=1|Gender=Neut # atra CAD # kR V Tense=Pres|Mood=Ind|Person=1|Number=Plur # iti CQT # brU KDP Case=Gen|Number=1|Gender=Masc|Tense=Pres|VerbForm=Part # na CNG # ekAnta NC Case=Cpd # vAda NC Case=Loc|Number=1|Gender=Masc # api CX # doza NC Case=Nom|Number=1|Gender=Masc # iti CQT # taTA CX # api CX # vyarTa JJ Case=Nom|Number=1|Gender=Masc # dvEta NC Case=Acc|Number=1|Gender=Neut # Rte CX # ASraya NC Case=Nom|Number=1|Gender=Masc # paryanta NC Case=Loc|Number=1|Gender=Masc #
/home/basti/code/dvarapandita/data/jna030_bab:62	[181,11] pādaprasārikāyā aparihārāt | pariśramātiśayas tv atiricyate, āho puruṣikā	pAda NC Case=Cpd # prasArikA NC Case=Gen|Number=1|Gender=Fem # aparihAra NC Case=Abl|Number=1|Gender=Masc # pariSrama NC Case=Cpd # atiSaya NC Case=Nom|Number=1|Gender=Masc # tu CCD # atiric V Tense=Pres|Mood=Ind|Voice=Pass|Person=3|Number=Sing # Aho CX # puruzikA NC Case=Nom|Number=1|Gender=Fem #
/home/basti/code/dvarapandita/data/jna030_bab:63	[181,12] vā? athāpi syāt tādātmyam abhyupagacchato yadā śabdāntarāvṛttyādidoṣaḥ, paraiḥ	vA CCD # aTa CAD # api CX # as V Tense=Pres|Mood=Opt|Person=3|Number=Sing # tAdAtmya NC Case=Acc|Number=1|Gender=Neut # aByupagam KDP Case=Gen|Number=1|Gender=Masc|Tense=Pres|VerbForm=Part # yadA CSB # Sabda NC Case=Cpd # antarAvRtti NC Case=Cpd # Adi NC Case=Cpd # doza NC Case=Nom|Number=1|Gender=Masc # para PPX Case=Ins|Number=3|Gender=Masc #
/home/basti/code/dvarapandita/data/jna030_bab:64	[181,13] prasajyate, tadā bhedasyāpi saṃbhavaḥ parihāraḥ | bhede ca pratibhāsabhedāpādane 'bhedopanaya	prasaQj V Tense=Pres|Mood=Ind|Voice=Pass|Person=3|Number=Sing # tadA CAD # Beda NC Case=Gen|Number=1|Gender=Masc # api CX # samBava NC Case=Nom|Number=1|Gender=Masc # parihAra NC Case=Nom|Number=1|Gender=Masc # Beda NC Case=Loc|Number=1|Gender=Masc # ca CCD # pratiBAsa NC Case=Cpd # Beda NC Case=Cpd # ApAdana NC Case=Loc|Number=1|Gender=Neut # Beda NC Case=Cpd # upanaya NC Case=Voc|Number=1|Gender=Masc #
/home/basti/code/dvarapandita/data/jna030_bab:65	[181,14] iti na śakyam ekāntavāde | na ca pādaprasāriketi nāpy ubhayadoṣaprasaṅgaḥ | yadā hi pūrvaṃ	iti CQT # na CNG # Sakya JJ Case=Nom|Number=1|Gender=Neut # ekAnta NC Case=Cpd # vAda NC Case=Loc|Number=1|Gender=Masc # na CNG # ca CCD # pAda NC Case=Cpd # prasArika JJ Case=Nom|Number=1|Gender=Fem # iti CQT # na CNG # api CX # uBaya JJ Case=Cpd # doza NC Case=Cpd # prasaFga NC Case=Nom|Number=1|Gender=Masc # yadA CSB # hi CX # pUrvam CX #
/home/basti/code/dvarapandita/data/jna030_bab:66	[181,15] bheda upanītaḥ, tadā tadāsaṅgidoṣotkhāte cābhedasyopanayāt |	Beda NC Case=Nom|Number=1|Gender=Masc # upanI PPP Case=Nom|Number=1|Gender=Masc|VerbForm=PPP # tadA CAD # tad PRD Case=Cpd # asaFgin JJ Case=Cpd # doza NC Case=Cpd # utKan PPP Case=Loc|Number=1|Gender=Masc|VerbForm=PPP # ca CCD # aBeda NC Case=Gen|Number=1|Gender=Masc # upanaya NC Case=Abl|Number=1|Gender=Masc #
/home/basti/code/dvarapandita/data/jna030_bab:67	[181,16] evaṃ punaḥ punas tadāvartanaparamparayā paryavasānābhāve 'pi na kṣatir iti cet?	evam CX # punar CAD # punar CAD # tad PRD Case=Cpd # Avarta NC Case=Cpd # paramparA NC Case=Ins|Number=1|Gender=Fem # paryavasAna NC Case=Cpd # aBAva NC Case=Loc|Number=1|Gender=Masc # api CX # na CNG # kzati NC Case=Nom|Number=1|Gender=Fem # iti CQT # ced CX #
/home/basti/code/dvarapandita/data/jna030_bab:68	[181,16] bhavatopanīyamānas tarhi bādhako dharmaḥ sādhako vā na svasāmarthyenaivety āpannam | upanayaś ca	Bavat JJ Case=Ins|Number=1|Gender=Masc # upanI KDP Case=Nom|Number=1|Gender=Masc|Tense=Pres|Voice=Pass|VerbForm=Part # tarhi CX # bADaka JJ Case=Nom|Number=1|Gender=Masc # Darma NC Case=Nom|Number=1|Gender=Masc # sADaka NC Case=Nom|Number=1|Gender=Masc # vA CCD # na CNG # sva JJ Case=Cpd # sAmarTya NC Case=Ins|Number=1|Gender=Neut # eva CEM # iti CQT # Apad PPP Case=Nom|Number=1|Gender=Neut|VerbForm=PPP # upanaya NC Case=Nom|Number=1|Gender=Masc # ca CCD #
/home/basti/code/dvarapandita/data/jna030_bab:69	[181,17] vacanātmany anabhidhīyamāno bhavata uṣarbudho 'pi na bādhakaḥ syāt | etena mayā prasaṅgārtham	vacana NC Case=Cpd # Atman NC Case=Loc|Number=1|Gender=Masc # anaBiDIyamAna JJ Case=Nom|Number=1|Gender=Masc # Bavat JJ Case=Gen|Number=1|Gender=Masc # uzarbuDa JJ Case=Nom|Number=1|Gender=Masc # api CX # na CNG # bADaka JJ Case=Nom|Number=1|Gender=Masc # as V Tense=Pres|Mood=Opt|Person=3|Number=Sing # etad PRD Case=Ins|Number=1|Gender=Neut # mad PPR Case=Ins|Number=1|Gender= # prasaFga NC Case=Cpd # arTa NC Case=Acc|Number=1|Gender=Masc #
/home/basti/code/dvarapandita/data/jna030_bab:70	[181,18] anaṅgīkārād ity api nirastam | na hi jīvanāya bhakṣyamāṇaṃ viṣaṃ na hinastīti śakyam |	anaFgIkAra NC Case=Abl|Number=1|Gender=Masc # iti CQT # api CX # niras PPP Case=Nom|Number=1|Gender=Neut|VerbForm=PPP # na CNG # hi CX # jIvana NC Case=Dat|Number=1|Gender=Neut # Bakz KDP Case=Nom|Number=1|Gender=Neut|Tense=Pres|Voice=Pass|VerbForm=Part # viza NC Case=Nom|Number=1|Gender=Neut # na CNG # hiMs V Tense=Pres|Mood=Ind|Person=3|Number=Sing # iti CQT # Sakya JJ Case=Nom|Number=1|Gender=Neut #
/home/basti/code/dvarapandita/data/jna030_bab:71	[181,19] tasmād bautārgalayugalasamānam etad ubhayaparijihīrṣayobhayapakṣālambhanaṃ mandamedhasām	tasmAt CX # bOtArgala NC Case=Cpd # yugala NC Case=Cpd # samAna JJ Case=Nom|Number=1|Gender=Neut # etad PRD Case=Nom|Number=1|Gender=Neut # uBaya JJ Case=Cpd # parijihIrzA NC Case=Cpd # uBaya JJ Case=Cpd # pakza NC Case=Cpd # AlamBana NC Case=Nom|Number=1|Gender=Neut # manda JJ Case=Cpd # meDa NC Case=Cpd # sAman NC Case=Gen|Number=3|Gender=Neut #
/home/basti/code/dvarapandita/data/jna030_bab:72	[181,20] iti |	iti CQT #
/home/basti/code/dvarapandita/data/jna030_bab:73	[181,21] prayogaḥ, yad yanmātranimittaṃ tat tasmin sati bhavaty eva, yathā cakṣurādi-	prayoga NC Case=Nom|Number=1|Gender=Masc # yad PRL Case=Nom|Number=1|Gender=Neut # yad PRL Case=Nom|Number=1|Gender=Neut # mAtra NC Case=Cpd # nimitta NC Case=Nom|Number=1|Gender=Neut # tad PRD Case=Nom|Number=1|Gender=Neut # tad PRD Case=Loc|Number=1|Gender=Neut # as KDP Case=Loc|Number=1|Gender=Neut|Tense=Pres|VerbForm=Part # BU V Tense=Pres|Mood=Ind|Person=3|Number=Sing # eva CEM # yaTA CCM # cakzus NC Case=Cpd # Adi NC Case=Nom|Number=1|Gender=Neut #
/home/basti/code/dvarapandita/data/jna030_bab:74	[181,22] sāmagrīmātranimittaṃ jñānajanma, bhedābhedamātrāpekṣaṃ ca yathoktadoṣajātam iti svabhāvahetuḥ |	sAmagrI NC Case=Cpd # mAtra NC Case=Cpd # nimitta NC Case=Nom|Number=1|Gender=Neut # jQAna NC Case=Cpd # janman NC Case=Nom|Number=1|Gender=Neut # Beda NC Case=Cpd # aBeda NC Case=Cpd # mAtra NC Case=Cpd # apekzA NC Case=Nom|Number=1|Gender=Neut # ca CCD # yaTA CCM # vac PPP Case=Cpd|VerbForm=PPP # doza NC Case=Cpd # jAta NC Case=Nom|Number=1|Gender=Neut # iti CQT # svaBAva NC Case=Cpd # hetu NC Case=Nom|Number=1|Gender=Masc #
/home/basti/code/dvarapandita/data/jna030_bab:75	[181,23] tanmātranimittatvam anyānapekṣatvena vyāptam, tatsaṃbhave 'pi ca tadbhāve tadviruddham anyāpekṣatvaṃ	tanmAtra NC Case=Cpd # nimitta NC Case=Cpd # tva NC Case=Nom|Number=1|Gender=Neut # anya PPX Case=Cpd # anapekza JJ Case=Cpd # tva NC Case=Ins|Number=1|Gender=Neut # vyAp PPP Case=Nom|Number=1|Gender=Neut|VerbForm=PPP # tad PRD Case=Cpd # samBava NC Case=Loc|Number=1|Gender=Masc # api CX # ca CCD # tad PRD Case=Cpd # BAva NC Case=Loc|Number=1|Gender=Masc # tad PRD Case=Nom|Number=1|Gender=Neut # viruD PPP Case=Nom|Number=1|Gender=Neut|VerbForm=PPP # anya PPX Case=Cpd # apekza JJ Case=Cpd # tva NC Case=Nom|Number=1|Gender=Neut #
/home/basti/code/dvarapandita/data/jna030_bab:76	[181,24] syād iti vyāpakaviruddhopalabdhyā viparyayān nivartamānaṃ tanmātranimittatvaṃ tasmin	as V Tense=Pres|Mood=Opt|Person=3|Number=Sing # iti CQT #
/home/basti/code/dvarapandita/data/jna030_bab:77	[181,25] sati bhāve niyamyata iti vyāptisiddhiḥ | nāpy asiddhis tanmātrāpekṣāyāḥ | na hy abheda-	as KDP Case=Loc|Number=1|Gender=Masc|Tense=Pres|VerbForm=Part # BAva NC Case=Loc|Number=1|Gender=Masc # niyam V Tense=Pres|Mood=Ind|Voice=Pass|Person=3|Number=Sing # iti CQT # vyApti NC Case=Cpd # sidDi NC Case=Nom|Number=1|Gender=Fem # na CNG # api CX # asidDi NC Case=Nom|Number=1|Gender=Fem # tanmAtra NC Case=Cpd # apekzA NC Case=Gen|Number=1|Gender=Fem # na CNG # hi CX # aBeda NC Case=Voc|Number=1|Gender=Masc #
/home/basti/code/dvarapandita/data/jna030_bab:78	[181,26] mātrātiriktaṃ sahotpādanimittam upapadyate | bhedamātrātirikitaṃ vā pṛthakprakāśasya dṛśyatve |	mAtrAtirikta JJ Case=Nom|Number=1|Gender=Neut # saha CX # utpAda NC Case=Cpd # nimitta NC Case=Nom|Number=1|Gender=Neut # upapad V Tense=Pres|Mood=Ind|Person=3|Number=Sing # Beda NC Case=Cpd # mAtra NC Case=Cpd # atiric PPP Case=Nom|Number=1|Gender=Neut|VerbForm=PPP # vA CCD # pRTak CX # prakASa NC Case=Gen|Number=1|Gender=Masc # dRS CGDA VerbForm=Abs #
/home/basti/code/dvarapandita/data/jna030_bab:79	[182,1] ayoguṭadahanayoḥ kṣīrodakayor vā bhede 'pi abhavan prakāśabheda itarasāpekṣaḥ siddha iti	ayas NC Case=Cpd # guwa NC Case=Cpd # dahana NC Case=Gen|Number=2|Gender=Neut # kzIra NC Case=Cpd # udaka NC Case=Gen|Number=2|Gender=Neut # vA CCD # Beda NC Case=Loc|Number=1|Gender=Masc # api CX # BU V Tense=Impf|Mood=Ind|Person=3|Number=Sing # prakASa NC Case=Cpd # Beda NC Case=Nom|Number=1|Gender=Masc # itara PPX Case=Cpd # rasa NC Case=Cpd # apekzA NC Case=Nom|Number=1|Gender=Masc # siD PPP Case=Nom|Number=1|Gender=Masc|VerbForm=PPP # iti CQT #
/home/basti/code/dvarapandita/data/jna030_bab:80	[182,2] cet? na, abhrāntendriyajñānasyaprakṛtatvāt | tatra bhinne eva vastunī ekīkṛtya pratipādyamānaṃ	ced CX # na CNG # aBra NC Case=Cpd # anta NC Case=Cpd # indriya NC Case=Cpd # jQAna NC Case=Gen|Number=1|Gender=Neut # prakR PPP Case=Cpd|VerbForm=PPP # tva NC Case=Abl|Number=1|Gender=Neut # tatra CAD # Bid PPP Case=Loc|Number=1|Gender=Neut|VerbForm=PPP # eva CEM # vastu NC Case=Loc|Number=1|Gender=Neut # ekIkR CGDA VerbForm=Abs # pratipAday KDP Case=Acc|Number=1|Gender=Neut|Tense=Pres|Voice=Pass|VerbForm=Part #
/home/basti/code/dvarapandita/data/jna030_bab:81	[182,3] jñānaṃ katham abhrāntaṃ nāma?	jQAna NC Case=Nom|Number=1|Gender=Neut # kaTam CX # aBrAnta JJ Case=Nom|Number=1|Gender=Neut # nAma CX #
/home/basti/code/dvarapandita/data/jna030_bab:82	[182,4] etena candradvayapratibhāso vyākhyārtaḥ | athobhayakāraṇārabdham ekam eva tad vastu	etad PRD Case=Ins|Number=1|Gender=Neut # candra NC Case=Cpd # dvaya NC Case=Cpd # pratiBAsa NC Case=Nom|Number=1|Gender=Masc # vyAKyA NC Case=Cpd # Arta JJ Case=Nom|Number=1|Gender=Masc # aTa CAD # uBaya JJ Case=Cpd # kAraNa NC Case=Cpd # AraB PPP Case=Nom|Number=1|Gender=Neut|VerbForm=PPP # eka PPX Case=Nom|Number=1|Gender=Neut # eva CEM # tad PRD Case=Nom|Number=1|Gender=Neut # vastu NC Case=Nom|Number=1|Gender=Neut #
/home/basti/code/dvarapandita/data/jna030_bab:83	[182,4] saṃjātam iti matiḥ, tadā vyabhicāra eva nāstīti siddhaṃ tanmātrāpekṣatvam | syād etat |	saMjan PPP Case=Nom|Number=1|Gender=Neut|VerbForm=PPP # iti CQT # mati NC Case=Nom|Number=1|Gender=Fem # tadA CAD # vyaBicAra NC Case=Nom|Number=1|Gender=Masc # eva CEM # na CNG # as V Tense=Pres|Mood=Ind|Person=3|Number=Sing # iti CQT # siD PPP Case=Nom|Number=1|Gender=Neut|VerbForm=PPP # tanmAtra NC Case=Cpd # apekza JJ Case=Cpd # tva NC Case=Nom|Number=1|Gender=Neut # as V Tense=Pres|Mood=Opt|Person=3|Number=Sing # etad PRD Case=Nom|Number=1|Gender=Neut #
/home/basti/code/dvarapandita/data/jna030_bab:84	[182,5] tanmātrāpekṣasyāpi tadbhāvenāvaśyambhāvaḥ, yathā kaṭukamadhuradravyabhāvinor api pitta-	tanmAtra NC Case=Cpd # apekzA NC Case=Gen|Number=1|Gender=Masc # api CX # tad PRD Case=Cpd # BAva NC Case=Ins|Number=1|Gender=Masc # avaSyamBAva NC Case=Nom|Number=1|Gender=Masc # yaTA CCM # kawuka JJ Case=Cpd # maDura JJ Case=Cpd # dravya NC Case=Cpd # BAvin JJ Case=Gen|Number=2|Gender=Masc # api CX # pitta NC Case=Voc|Number=1|Gender=Masc #
/home/basti/code/dvarapandita/data/jna030_bab:85	[182,6] śleṣmaṇoḥ | tad ayuktam, vīryavipākāpekṣayāpi tad atatkāryakaraṇasaṃbhavād dravyāṇām,	Slezman NC Case=Gen|Number=2|Gender=Masc # tad PRD Case=Nom|Number=1|Gender=Neut # ayukta JJ Case=Nom|Number=1|Gender=Neut # vIrya NC Case=Cpd # vipAka NC Case=Cpd # apekzA NC Case=Ins|Number=1|Gender=Fem # api CX # tad PRD Case=Nom|Number=1|Gender=Neut # atatkArya NC Case=Cpd # karaNa NC Case=Cpd # samBava NC Case=Abl|Number=1|Gender=Neut # dravya NC Case=Gen|Number=3|Gender=Neut #
/home/basti/code/dvarapandita/data/jna030_bab:86	[182,7] rasamātrāpekṣātipātāt pittāder iti ||	rasa NC Case=Cpd # mAtra NC Case=Cpd # apekzA NC Case=Cpd # atipAta NC Case=Abl|Number=1|Gender=Masc # pitta NC Case=Cpd # Adi NC Case=Gen|Number=1|Gender=Masc # iti CQT #
/home/basti/code/dvarapandita/data/jna030_bab:87	[182,8] || bhedābhedaparīkṣā samāptā ||	Beda NC Case=Cpd # aBeda NC Case=Cpd # parIkzA NC Case=Nom|Number=1|Gender=Fem # samAp PPP Case=Nom|Number=1|Gender=Fem|VerbForm=PPP #
