/home/basti/code/dvarapandita/data/jna080_kkb:0	[317,2] || kāryakāraṇabhāvasiddhiḥ ||	kArya NC Case=Cpd # kAraNa NC Case=Cpd # BAva NC Case=Cpd # sidDi NC Case=Nom|Number=1|Gender=Fem #
/home/basti/code/dvarapandita/data/jna080_kkb:1	 [317,3] pratyakṣānupalambhena trividhenāpi sidhyati |	pratyakza NC Case=Cpd # anupalamBa NC Case=Ins|Number=1|Gender=Masc # triviDa JJ Case=Ins|Number=1|Gender=Masc # api CX # siD V Tense=Pres|Mood=Ind|Person=3|Number=Sing #
/home/basti/code/dvarapandita/data/jna080_kkb:2	[317,4] kāryakāraṇayor ātmā pañcakeneti kecana ||1||	kArya NC Case=Cpd # kAraNa NC Case=Gen|Number=2|Gender=Neut # Atman NC Case=Nom|Number=1|Gender=Masc # paQcaka NC Case=Ins|Number=1|Gender=Neut # iti CQT # kaScana PRI Case=Nom|Number=3|Gender=Masc #
/home/basti/code/dvarapandita/data/jna080_kkb:3	[317,5] pratyakṣānupalambhasādhanaḥ kāryakāraṇabhāva iti nyāyaḥ | tatra sāmānyena prākpravṛtta-	pratyakza NC Case=Cpd # anupalamBa NC Case=Cpd # sADana NC Case=Nom|Number=1|Gender=Masc # kArya NC Case=Cpd # kAraNa NC Case=Cpd # BAva NC Case=Nom|Number=1|Gender=Masc # iti CQT # nyAya NC Case=Nom|Number=1|Gender=Masc # tatra CAD # sAmAnya NC Case=Ins|Number=1|Gender=Neut # prAQc JJ Case=Cpd # pravRt PPP Case=Voc|Number=1|Gender=Masc|VerbForm=PPP #
/home/basti/code/dvarapandita/data/jna080_kkb:4	[317,6] anupalambhasahāyam ubhayaviṣayaṃ krami pratyakṣadvayam | yadi vā sāmānyenobhayagrāhi-	anupalamBa NC Case=Cpd # sahAya NC Case=Acc|Number=1|Gender=Masc # uBaya JJ Case=Cpd # vizaya NC Case=Acc|Number=1|Gender=Masc # kramin JJ Case=Acc|Number=1|Gender=Neut # pratyakza JJ Case=Cpd # dvaya NC Case=Acc|Number=1|Gender=Neut # yadi CSB # vA CCD # sAmAnya NC Case=Ins|Number=1|Gender=Neut # uBaya JJ Case=Cpd # grAhin JJ Case=Acc|Number=1|Gender=Neut #
/home/basti/code/dvarapandita/data/jna080_kkb:5	[317,7] pratyakṣasahāyaṃ kramikam anupalambhadvayam iti trividham eva tatsādhanam ity eke | anye tu tat	pratyakza JJ Case=Cpd # sahAya NC Case=Nom|Number=1|Gender=Neut # kramika JJ Case=Nom|Number=1|Gender=Neut # anupalamBa NC Case=Cpd # dvaya NC Case=Nom|Number=1|Gender=Neut # iti CQT # triviDa JJ Case=Nom|Number=1|Gender=Neut # eva CEM # tad PRD Case=Cpd # sADana NC Case=Nom|Number=1|Gender=Neut # iti CQT # eka PPX Case=Nom|Number=3|Gender=Masc # anya PPX Case=Nom|Number=3|Gender=Masc # tu CCD # tad PRD Case=Nom|Number=1|Gender=Neut #
/home/basti/code/dvarapandita/data/jna080_kkb:6	[317,8] trayam antyadvayasahāyam eveti pañcavidhaṃ niyatānupūrvīkam ity āhuḥ | ādyatrayasaṃbhave 'pi hi	traya NC Case=Nom|Number=1|Gender=Neut # antya JJ Case=Cpd # dvaya NC Case=Cpd # sahAya NC Case=Nom|Number=1|Gender=Neut # eva CEM # iti CQT # paQcaviDa JJ Case=Nom|Number=1|Gender=Neut # niyam PPP Case=Cpd|VerbForm=PPP # AnupUrvaka JJ Case=Nom|Number=1|Gender=Neut # iti CQT # ah V Tense=Perf|Mood=Ind|Person=3|Number=Plur # Adya JJ Case=Cpd # traya NC Case=Cpd # samBava NC Case=Loc|Number=1|Gender=Masc # api CX # hi CX #
/home/basti/code/dvarapandita/data/jna080_kkb:7	[317,9] pratipattur nāsandigdhā buddhir upajāyate, antyadvaye tu labdhe sidhyati | anvayavyatireka-	pratipad NC Case=Nom|Number=1|Gender=Fem # tu CCD # na CNG # asaMdigDa JJ Case=Nom|Number=1|Gender=Fem # budDi NC Case=Nom|Number=1|Gender=Fem # upajan V Tense=Pres|Mood=Ind|Person=3|Number=Sing # antya JJ Case=Cpd # dvaya NC Case=Loc|Number=1|Gender=Neut # tu CCD # laB PPP Case=Loc|Number=1|Gender=Neut|VerbForm=PPP # siD V Tense=Pres|Mood=Ind|Person=3|Number=Sing # anvaya NC Case=Cpd # vyatireka NC Case=Loc|Number=1|Gender=Masc #
/home/basti/code/dvarapandita/data/jna080_kkb:8	[317,10] lakṣaṇo hi hetuphalabhāvaḥ, tatra trayeṇānvayaḥ pratīyate, dvayena vyatireka iti	lakzaNa NC Case=Nom|Number=1|Gender=Masc # hi CX # hetu NC Case=Cpd # Pala NC Case=Cpd # BAva NC Case=Nom|Number=1|Gender=Masc # tatra CAD # traya NC Case=Ins|Number=1|Gender=Neut # anvaya NC Case=Nom|Number=1|Gender=Masc # pratI V Tense=Pres|Mood=Ind|Voice=Pass|Person=3|Number=Sing # dvaya NC Case=Ins|Number=1|Gender=Neut # vyatireka NC Case=Nom|Number=1|Gender=Masc # iti CQT #
/home/basti/code/dvarapandita/data/jna080_kkb:9	[317,11] pañcakena sādhvī siddhiḥ | tayor ekaikāniścaye tu sandeho durnivāra iti bhāvaḥ |	paQcaka NC Case=Ins|Number=1|Gender=Neut # sADu JJ Case=Nom|Number=1|Gender=Fem # sidDi NC Case=Nom|Number=1|Gender=Fem # tad PRD Case=Gen|Number=2|Gender=Masc # ekEka PRC Case=Cpd # aniScaya NC Case=Loc|Number=1|Gender=Masc # tu CCD # saMdeha NC Case=Nom|Number=1|Gender=Masc # durnivAra JJ Case=Nom|Number=1|Gender=Masc # iti CQT # BAva NC Case=Nom|Number=1|Gender=Masc #
/home/basti/code/dvarapandita/data/jna080_kkb:10	[317,12] atra ucyate,	atra CAD # vac V Tense=Pres|Mood=Ind|Voice=Pass|Person=3|Number=Sing #
/home/basti/code/dvarapandita/data/jna080_kkb:11	[317,13] prācīnānupalambhaś ced anyataḥ saṅgamādikam |	prAcIna JJ Case=Cpd # anupalamBa NC Case=Nom|Number=1|Gender=Masc # ced CX # anyatas CX # saMgama NC Case=Cpd # Adika JJ Case=Nom|Number=1|Gender=Neut #
/home/basti/code/dvarapandita/data/jna080_kkb:12	[317,14] na niṣedhati, kiṃ tena niṣedhe paścimena kim ||2||	na CNG # niziD V Tense=Pres|Mood=Ind|Person=3|Number=Sing # kim CX # tad PRD Case=Ins|Number=1|Gender=Masc # nizeDa NC Case=Loc|Number=1|Gender=Masc # paScima JJ Case=Ins|Number=1|Gender=Masc # ka PRQ Case=Nom|Number=1|Gender=Neut #
/home/basti/code/dvarapandita/data/jna080_kkb:13	[317,15] anupalambhadvayena vyatirekasādhanārtham eva hy anupalambhaḥ prārthyate | sa cānena	anupalamBa NC Case=Cpd # dvaya NC Case=Ins|Number=1|Gender=Neut # vyatireka NC Case=Cpd # sADana NC Case=Cpd # arTa NC Case=Acc|Number=1|Gender=Masc # eva CEM # hi CX # anupalamBa NC Case=Nom|Number=1|Gender=Masc # prArTay V Tense=Pres|Mood=Ind|Voice=Pass|Person=3|Number=Sing # tad PRD Case=Nom|Number=1|Gender=Masc # ca CCD # idam PRD Case=Ins|Number=1|Gender=Neut #
/home/basti/code/dvarapandita/data/jna080_kkb:14	[317,16] hetvabhimatābhāve kāryābhimatasya bhāvaṃ bādhamānena sādhanīyaḥ | sa ca bhāvas tridhā	hetu NC Case=Cpd # aBiman PPP Case=Cpd|VerbForm=PPP # aBAva NC Case=Loc|Number=1|Gender=Masc # kArya NC Case=Cpd # aBiman PPP Case=Gen|Number=1|Gender=Masc|VerbForm=PPP # BAva NC Case=Acc|Number=1|Gender=Masc # bAD KDP Case=Ins|Number=1|Gender=Neut|Tense=Pres|VerbForm=Part # sAD KDG Case=Nom|Number=1|Gender=Masc|VerbForm=Ger # tad PRD Case=Nom|Number=1|Gender=Masc # ca CCD # BAva NC Case=Nom|Number=1|Gender=Masc # triDA CX #
/home/basti/code/dvarapandita/data/jna080_kkb:15	[317,17] saṃbhāvyate | tatraiva deśe sthitiḥ, anyata āgamanaṃ, tadviviktakalāpād evotpattir iti |	samBAvay V Tense=Pres|Mood=Ind|Voice=Pass|Person=3|Number=Sing # tatra CAD # eva CEM # deSa NC Case=Loc|Number=1|Gender=Masc # sTiti NC Case=Nom|Number=1|Gender=Fem # anyatas CX # Agamana NC Case=Nom|Number=1|Gender=Neut # tad PRD Case=Cpd # vivic PPP Case=Cpd|VerbForm=PPP # kalApa NC Case=Abl|Number=1|Gender=Masc # eva CEM # utpatti NC Case=Nom|Number=1|Gender=Fem # iti CQT #
/home/basti/code/dvarapandita/data/jna080_kkb:16	[317,18] evaṃvidhabādhāvaidhurye kim atra kāraṇam ayam apekṣate? na vyatireke 'syopayogaḥ | kiṃ tv anvayagrāhiṇi pratyakṣe sāhāyakam āvahatīty upadarśitam eveti cet?	evaMviDa JJ Case=Cpd # bADA NC Case=Cpd # vEDurya NC Case=Loc|Number=1|Gender=Neut # ka PRQ Case=Nom|Number=1|Gender=Neut # atra CAD # kAraNa NC Case=Nom|Number=1|Gender=Neut # idam PRD Case=Nom|Number=1|Gender=Masc # apekz V Tense=Pres|Mood=Ind|Person=3|Number=Sing # na CNG # vyatireka NC Case=Loc|Number=1|Gender=Masc # na CNG # upayoga NC Case=Nom|Number=1|Gender=Masc # ka PRQ Case=Nom|Number=1|Gender=Neut # tu CCD # anvaya NC Case=Cpd # grAhin JJ Case=Loc|Number=1|Gender=Masc # pratyakza JJ Case=Loc|Number=1|Gender=Masc # sAhAyaka NC Case=Acc|Number=1|Gender=Neut # Avah V Tense=Pres|upadarSay PPP Case=Nom|Number=1|Gender=Neut|VerbForm=PPP # eva CEM # iti CQT # ced CX #
/home/basti/code/dvarapandita/data/jna080_kkb:17	[317,19] asmin satīdaṃ bhavatīty akṣajena gataṃ na kim |	idam PRD Case=Loc|Number=1|Gender=Masc # as KDP Case=Loc|Number=1|Gender=Masc|Tense=Pres|VerbForm=Part # idam PRD Case=Nom|Number=1|Gender=Neut # BU V Tense=Pres|Mood=Ind|Person=3|Number=Sing # iti CQT # akza NC Case=Cpd # ja JJ Case=Ins|Number=1|Gender=Masc # gam PPP Case=Nom|Number=1|Gender=Neut|VerbForm=PPP # na CNG # ka PRQ Case=Nom|Number=1|Gender=Neut #
/home/basti/code/dvarapandita/data/jna080_kkb:18	[318,1] na hi bhāve bhāvād anyo nāmānvayaḥ | sa ca siddho 'dhyakṣeṇeti kim atrānupalambha-	na CNG # hi CX # BAva NC Case=Loc|Number=1|Gender=Masc # BAva NC Case=Abl|Number=1|Gender=Masc # anya PPX Case=Nom|Number=1|Gender=Masc # nAman NC Case=Cpd # anvaya NC Case=Nom|Number=1|Gender=Masc # tad PRD Case=Nom|Number=1|Gender=Masc # ca CCD # siD PPP Case=Nom|Number=1|Gender=Masc|VerbForm=PPP # DyakzeNa NC Case=Cpd # iti CQT # ka PRQ Case=Nom|Number=1|Gender=Neut # atra CAD # anupalamBa NC Case=Voc|Number=1|Gender=Masc #
/home/basti/code/dvarapandita/data/jna080_kkb:19	[318,2] sāhāyyena? nanv evam anyo yadṛcchopanatasyāpi syāt pratyakṣamātrasaṃbhavāt | prāgabhāva-	sAhAyya NC Case=Ins|Number=1|Gender=Neut # nanu CX # evam CX # anya PPX Case=Nom|Number=1|Gender=Masc # yadRcCA NC Case=Cpd # upanam PPP Case=Gen|Number=1|Gender=Masc|VerbForm=PPP # api CX # as V Tense=Pres|Mood=Opt|Person=3|Number=Sing # pratyakza JJ Case=Cpd # mAtra NC Case=Cpd # samBava NC Case=Abl|Number=1|Gender=Masc # prAk CX # aBAva NC Case=Voc|Number=1|Gender=Masc #
/home/basti/code/dvarapandita/data/jna080_kkb:20	[318,3] grahaṇaviśeṣaṇaṃ tu pratyakṣaṃ tadgrāhīti nātiprasaṅgaḥ (55a) sa tarhi trividhabheda-	grahaNa NC Case=Cpd # viSezaNa NC Case=Nom|Number=1|Gender=Neut # tu CCD # pratyakza NC Case=Nom|Number=1|Gender=Neut # tad PRD Case=Nom|Number=1|Gender=Neut # grAhin JJ Case=Nom|Number=1|Gender=Neut # iti CQT # na CNG # atiprasaFga NC Case=Nom|Number=1|Gender=Masc # tad PRD Case=Nom|Number=1|Gender=Masc # tarhi CX # triviDa JJ Case=Cpd # Beda NC Case=Voc|Number=1|Gender=Masc #
/home/basti/code/dvarapandita/data/jna080_kkb:21	[318,4] bhinnabhāvaviparyayasvabhāvaḥ, prāgabhāvo 'nupalabdheḥ, siddho 'bhāvamātraṃ vā? ādye pakṣe etad āyātam,	Bid PPP Case=Cpd|VerbForm=PPP # BAva NC Case=Cpd # viparyaya NC Case=Cpd # svaBAva NC Case=Nom|Number=1|Gender=Masc # prAQc JJ Case=Cpd # aBAva NC Case=Nom|Number=1|Gender=Masc # na CNG # upalabDi NC Case=Abl|Number=1|Gender=Fem # siD PPP Case=Nom|Number=1|Gender=Masc|VerbForm=PPP # BAva NC Case=Cpd # mAtra NC Case=Nom|Number=1|Gender=Neut # vA CCD # Adya JJ Case=Loc|Number=1|Gender=Masc # pakza NC Case=Loc|Number=1|Gender=Masc # etad PRD Case=Nom|Number=1|Gender=Neut # AyA PPP Case=Nom|Number=1|Gender=Neut|VerbForm=PPP #
/home/basti/code/dvarapandita/data/jna080_kkb:22	[318,5] asmin satīdaṃ bhavati,	idam PRD Case=Loc|Number=1|Gender=Masc # as KDP Case=Loc|Number=1|Gender=Masc|Tense=Pres|VerbForm=Part # idam PRD Case=Nom|Number=1|Gender=Neut # BU V Tense=Pres|Mood=Ind|Person=3|Number=Sing #
/home/basti/code/dvarapandita/data/jna080_kkb:23	[318,6] anyathā 'saṃbhavād iti vyatireko 'yam eva saḥ ||3||	anyaTA CX # samBava NC Case=Abl|Number=1|Gender=Masc # iti CQT # vyatireka NC Case=Nom|Number=1|Gender=Masc # yad PRL Case=Acc|Number=1|Gender=Masc # eva CEM # tad PRD Case=Nom|Number=1|Gender=Masc #
/home/basti/code/dvarapandita/data/jna080_kkb:24	[318,7] na sthitaṃ tatra nānyasmāj jātaṃ nāyātam anyataḥ |	na CNG # sTA PPP Case=Nom|Number=1|Gender=Neut|VerbForm=PPP # tatra CAD # na CNG # anya PPX Case=Abl|Number=1|Gender=Masc # jan PPP Case=Nom|Number=1|Gender=Neut|VerbForm=PPP # na CNG # AyA PPP Case=Nom|Number=1|Gender=Neut|VerbForm=PPP # anyatas CX #
/home/basti/code/dvarapandita/data/jna080_kkb:25	[318,8] yasya bhāve bhavet kāryaṃ na cet tasya na kasyacit ||4||	yad PRL Case=Gen|Number=1|Gender=Masc # BAva NC Case=Loc|Number=1|Gender=Masc # BU V Tense=Pres|Mood=Opt|Person=3|Number=Sing # kArya NC Case=Nom|Number=1|Gender=Neut # na CNG # ced CX # tad PRD Case=Gen|Number=1|Gender=Masc # na CNG # kaScit PRI Case=Gen|Number=1|Gender=Masc #
/home/basti/code/dvarapandita/data/jna080_kkb:26	[318,9] etac cānupalabdhipūrveṇa siddham adhyakṣeṇeti na kiñcit paścimadvayena | tad api hi	etad PRD Case=Nom|Number=1|Gender=Neut # ca CCD # anupalabDi NC Case=Cpd # pUrva PPX Case=Ins|Number=1|Gender=Neut # siD PPP Case=Nom|Number=1|Gender=Neut|VerbForm=PPP # aDyakza NC Case=Ins|Number=1|Gender=Masc # iti CQT # na CNG # kaScit PRI Case=Nom|Number=1|Gender=Neut # paScima JJ Case=Cpd # dvaya NC Case=Ins|Number=1|Gender=Neut # tad PRD Case=Nom|Number=1|Gender=Neut # api CX # hi CX #
/home/basti/code/dvarapandita/data/jna080_kkb:27	[318,10] hetvabhāve phalasya tatra sthitim anyata utpattim anyayatnenānyatra gamanam bādhamānam eva	hetu NC Case=Cpd # aBAva NC Case=Loc|Number=1|Gender=Masc # Pala NC Case=Gen|Number=1|Gender=Neut # tatra CAD # sTiti NC Case=Acc|Number=1|Gender=Fem # anyatas CX # utpatti NC Case=Acc|Number=1|Gender=Fem # anya PPX Case=Acc|Number=1|Gender=Neut # na CNG # idam PRD Case=Ins|Number=1|Gender=Masc # anyatra CX # gamana NC Case=Nom|Number=1|Gender=Neut # bAD KDP Case=Nom|Number=1|Gender=Neut|Tense=Pres|VerbForm=Part # eva CEM #
/home/basti/code/dvarapandita/data/jna080_kkb:28	[318,11] vyatirekasādhanam, na pāścāttyadvayam ity eva, tadvyāpārābhāve śatenāpy abhāvāt | tac cādi-	vyatireka NC Case=Cpd # sADana NC Case=Nom|Number=1|Gender=Neut # na CNG # pAScAtya JJ Case=Cpd # dvaya NC Case=Nom|Number=1|Gender=Neut # iti CQT # eva CEM # tad PRD Case=Cpd # vyApAra NC Case=Cpd # aBAva NC Case=Loc|Number=1|Gender=Masc # Sata NUM Case=Ins|Number=1|Gender=Neut # api CX # aBAva NC Case=Abl|Number=1|Gender=Masc # tad PRD Case=Nom|Number=1|Gender=Neut # ca CCD # Adi NC Case=Nom|Number=1|Gender=Neut #
/home/basti/code/dvarapandita/data/jna080_kkb:29	[318,12] mena ekena kṛtam iti nāparasyopayogaḥ |	mena NC Case=Nom|Number=1|Gender=Masc # eka PPX Case=Ins|Number=1|Gender=Masc # kR PPP Case=Nom|Number=1|Gender=Neut|VerbForm=PPP # iti CQT # na CNG # apara PPX Case=Gen|Number=1|Gender=Masc # upayoga NC Case=Nom|Number=1|Gender=Masc #
/home/basti/code/dvarapandita/data/jna080_kkb:30	[318,13] atha punar abhāvamātram ādimo 'nupalambhaḥ pratyetīti matiḥ,	aTa CAD # punar CAD # aBAva NC Case=Cpd # mAtra NC Case=Acc|Number=1|Gender=Neut # Adima JJ Case=Nom|Number=1|Gender=Masc # na CNG # upalamBa NC Case=Nom|Number=1|Gender=Masc # pratI V Tense=Pres|Mood=Ind|Person=3|Number=Sing # iti CQT # mati NC Case=Nom|Number=1|Gender=Fem #
/home/basti/code/dvarapandita/data/jna080_kkb:31	[318,14] abhāvamātrabādhe 'pi prācyasyānupayogitā |	aBAva NC Case=Cpd # mAtra NC Case=Cpd # bADa NC Case=Loc|Number=1|Gender=Masc # api CX # prAcya JJ Case=Gen|Number=1|Gender=Masc # anupayogin JJ Case=Cpd # tA NC Case=Nom|Number=1|Gender=Fem #
/home/basti/code/dvarapandita/data/jna080_kkb:32	[318,15] asyaitadvyāpṛteḥ prāg ity evaṃ kim avaśiṣyate ||5||	idam PRD Case=Gen|Number=1|Gender=Masc # etad PRD Case=Nom|Number=1|Gender=Neut # vyApRti NC Case=Gen|Number=1|Gender=Fem # prAk CX # iti CQT # evam CX # ka PRQ Case=Nom|Number=1|Gender=Neut # avaSiz V Tense=Pres|Mood=Ind|Voice=Pass|Person=3|Number=Sing #
/home/basti/code/dvarapandita/data/jna080_kkb:33	[318,16] abhāvamātrapratītau tāvat kasya kenānvayaḥ? asya bhāve 'sya bhāva ity apy anvaya-	aBAva NC Case=Cpd # mAtra NC Case=Cpd # pratIti NC Case=Loc|Number=1|Gender=Fem # tAvat CX # ka PRQ Case=Gen|Number=1|Gender=Masc # ka PRQ Case=Ins|Number=1|Gender=Masc # anvaya NC Case=Nom|Number=1|Gender=Masc # idam PRD Case=Gen|Number=1|Gender=Masc # BAva NC Case=Loc|Number=1|Gender=Masc # tad PRD Case=Gen|Number=1|Gender=Masc # BAva NC Case=Nom|Number=1|Gender=Masc # iti CQT # api CX # anvaya NC Case=Voc|Number=1|Gender=Masc #
/home/basti/code/dvarapandita/data/jna080_kkb:34	[318,17] pratītir yadṛcchopanatenātiprasajyamānopayogaparipanthiny eva | etadvyāpārāt pūrvam abhāvaḥ asyeti tu pratītau saiva trayī gatir āyāteti kiṃ pariśiṣyate, yato 'ntimam advayaṃ na vaiphalyam	pratIti NC Case=Nom|Number=1|Gender=Fem # yadRcCA NC Case=Cpd # upanam PPP Case=Ins|Number=1|Gender=Masc|VerbForm=PPP # ati CADP # prasaQj KDP Case=Cpd|Tense=Pres|Voice=Pass|VerbForm=Part # upayoga NC Case=Cpd # paripanTin JJ Case=Nom|Number=1|Gender=Fem # eva CEM # etad PRD Case=Cpd # vyApAra NC Case=Abl|Number=1|Gender=Masc # pUrvam CX # aBAva NC Case=Nom|Number=1|Gender=Masc # idam PRD Case=Gen|Number=1|Gender=Masc # iti CQT # tu CCD # pratIti NC Case=Loc|Number=1|Gender=Fem # tad PRD Case=Nom|Number=1|Gender=Fem # eva CEM # trayI NC Case=Nom|Number=1|Gender=Fem # gati NC Case=Nom|Number=1|GendAyA PPP Case=Nom|Number=1|Gender=Fem|VerbForm=PPP # iti CQT # ka PRQ Case=Acc|Number=1|Gender=Neut # pariSiz V Tense=Pres|Mood=Ind|Voice=Pass|Person=3|Number=Sing # yatas CX # antima JJ Case=Nom|Number=1|Gender=Neut # advaya JJ Case=Nom|Number=1|Gender=Neut # na CNG # vEPalya NC Case=Nom|Number=1|Gender=Neut #
/home/basti/code/dvarapandita/data/jna080_kkb:35	[318,18] āvahet?	Avah V Tense=Pres|Mood=Opt|Person=3|Number=Sing #
/home/basti/code/dvarapandita/data/jna080_kkb:36	[318,19] anvaye vyabhicārāc ced vyatireko 'nugamyate |	anvaya NC Case=Loc|Number=1|Gender=Masc # vyaBicAra NC Case=Abl|Number=1|Gender=Masc # ced CX # vyatireka NC Case=Nom|Number=1|Gender=Masc # nugam V Tense=Pres|Mood=Ind|Voice=Pass|Person=3|Number=Sing #
/home/basti/code/dvarapandita/data/jna080_kkb:37	[318,20] pratyakṣamātravyāpāre 'py evaṃ kiṃ nābhidhīyate ||6||	pratyakza NC Case=Cpd # mAtra NC Case=Cpd # vyApAra NC Case=Loc|Number=1|Gender=Masc # api CX # evam CX # ka PRQ Case=Nom|Number=1|Gender=Neut # na CNG # aBiDA V Tense=Pres|Mood=Ind|Voice=Pass|Person=3|Number=Sing #
/home/basti/code/dvarapandita/data/jna080_kkb:38	[318,21] yad artham arthyeta prāktanaḥ anvayavyatirekau hi pratyekaṃ vyabhicārād eva sahitau	yat CSB # arTa NC Case=Acc|Number=1|Gender=Masc # arTay V Tense=Pres|Mood=Opt|Person=3|Number=Sing # prAktana JJ Case=Nom|Number=1|Gender=Masc # anvaya NC Case=Cpd # vyatireka NC Case=Nom|Number=2|Gender=Masc # hi CX # pratyekam CX # vyaBicAra NC Case=Abl|Number=1|Gender=Masc # eva CEM # sahita JJ Case=Nom|Number=2|Gender=Masc #
/home/basti/code/dvarapandita/data/jna080_kkb:39	[318,22] hetuphalabhāva ucyate | tata ekaikasyātadbhāviny apy saṃbhavo 'bādhaka eveti samānam āvayoḥ |	hetu NC Case=Cpd # Pala NC Case=Cpd # BAva NC Case=Nom|Number=1|Gender=Masc # vac V Tense=Pres|Mood=Ind|Voice=Pass|Person=3|Number=Sing # tatas CX # ekEka PRC Case=Gen|Number=1|Gender=Masc # a CNG # tad PRD Case=Cpd # BAvin JJ Case=Loc|Number=1|Gender=Masc # api CX # samBava NC Case=Nom|Number=1|Gender=Masc # bADaka JJ Case=Nom|Number=1|Gender=Masc # eva CEM # iti CQT # samAna JJ Case=Nom|Number=1|Gender=Neut # mad PPR Case=Gen|Number=2|Gender= #
/home/basti/code/dvarapandita/data/jna080_kkb:40	[318,24] samarthitaḥ |	samarTay PPP Case=Nom|Number=1|Gender=Masc|VerbForm=PPP #
/home/basti/code/dvarapandita/data/jna080_kkb:41	[319,1] tato nāntyayor ādimasyopayogaḥ, ādye vāntimayor iti siddham | na siddham |	tatas CX # na CNG # antya JJ Case=Gen|Number=2|Gender=Masc # Adima JJ Case=Gen|Number=1|Gender=Masc # upayoga NC Case=Nom|Number=1|Gender=Masc # Adya JJ Case=Loc|Number=1|Gender=Masc # vAntima JJ Case=Gen|Number=2|Gender=Masc # iti CQT # siD PPP Case=Nom|Number=1|Gender=Neut|VerbForm=PPP # na CNG # siD PPP Case=Nom|Number=1|Gender=Neut|VerbForm=PPP #
/home/basti/code/dvarapandita/data/jna080_kkb:42	[319,2] ādimena hi prāg asya vyāpārād etan nāsīd iti pratiyann api etadvyāpāraprayukto 'syābhāva-	Adima JJ Case=Ins|Number=1|Gender=Masc # hi CX # prAk CX # idam PRD Case=Gen|Number=1|Gender=Masc # vyApAra NC Case=Abl|Number=1|Gender=Masc # etad PRD Case=Nom|Number=1|Gender=Neut # na CNG # as V Tense=Impf|Mood=Ind|Person=3|Number=Sing # iti CQT # pratiyat JJ Case=Nom|Number=1|Gender=Masc # api CX # etad PRD Case=Cpd # vyApAra NC Case=Cpd # prayuj PPP Case=Nom|Number=1|Gender=Masc|VerbForm=PPP # as V Tense=Pres|Mood=Opt|Person=2|Number=Sing # aBAva NC Case=Voc|Number=1|Gender=Masc #
/home/basti/code/dvarapandita/data/jna080_kkb:43	[319,3] iti nāvadhāritam, carameṇa tv avadhāryata ity ayuktam, ādimasya punar anupayogasya tādavasthyāt |	iti CQT # na CNG # avaDAray PPP Case=Nom|Number=1|Gender=Neut|VerbForm=PPP # carama JJ Case=Ins|Number=1|Gender=Masc # tu CCD # avaDAray V Tense=Pres|Mood=Ind|Voice=Pass|Person=3|Number=Sing # iti CQT # ayukta JJ Case=Nom|Number=1|Gender=Neut # Adima JJ Case=Gen|Number=1|Gender=Masc # punar CAD # anupayoga NC Case=Gen|Number=1|Gender=Masc # tAdavasTya NC Case=Abl|Number=1|Gender=Neut #
/home/basti/code/dvarapandita/data/jna080_kkb:44	[319,4] api ca,	api CX # ca CCD #
/home/basti/code/dvarapandita/data/jna080_kkb:45	[319,5] tanmātrābhāvato 'bhāvāt paścimena viniścayaḥ ||	tanmAtra NC Case=Cpd # aBAva NC Case=Abl|Number=1|Gender=Masc # BAva NC Case=Abl|Number=1|Gender=Masc # paScima JJ Case=Ins|Number=1|Gender=Masc # viniScaya NC Case=Nom|Number=1|Gender=Masc #
/home/basti/code/dvarapandita/data/jna080_kkb:46	[319,6] tannyāyasya samānatvāt prācyenāpi na kiṃ mataḥ ||7||	tad PRD Case=Nom|Number=1|Gender=Neut # nyAya NC Case=Gen|Number=1|Gender=Masc # samAna JJ Case=Cpd # tva NC Case=Abl|Number=1|Gender=Neut # prAcya JJ Case=Ins|Number=1|Gender=Neut # api CX # na CNG # ka PRQ Case=Nom|Number=1|Gender=Neut # man PPP Case=Nom|Number=1|Gender=Masc|VerbForm=PPP #
/home/basti/code/dvarapandita/data/jna080_kkb:47	[319,7] etadvyāpārāt prāg nāsīd ity api hi tanmātrābhāvād evābhāvaṃ khyāpayati, yathokta-	etad PRD Case=Cpd # vyApAra NC Case=Abl|Number=1|Gender=Masc # prAk CX # na CNG # as V Tense=Impf|Mood=Ind|Person=3|Number=Sing # iti CQT # api CX # hi CX # tanmAtra NC Case=Cpd # aBAva NC Case=Abl|Number=1|Gender=Masc # eva CEM # aBAva NC Case=Acc|Number=1|Gender=Masc # KyApay V Tense=Pres|Mood=Ind|Person=3|Number=Sing # yaTA CCM # vac PPP Case=Voc|Number=1|Gender=Masc|VerbForm=PPP #
/home/basti/code/dvarapandita/data/jna080_kkb:48	[319,8] sattātraividhyavidhūter ākṣepāt | tatas tenāniścaye paścimenāpi mā bhūt | tatra pūrvena dvayoḥ	sattAtra JJ Case=Cpd # eva CEM # viDi NC Case=Cpd # viDUti NC Case=Gen|Number=1|Gender=Fem # Akzepa NC Case=Abl|Number=1|Gender=Masc # tatas CX # tad PRD Case=Ins|Number=1|Gender=Masc # aniScaya NC Case=Loc|Number=1|Gender=Masc # paScima JJ Case=Ins|Number=1|Gender=Masc # api CX # mA CNG # BU V Tense=Aor|Mood=Inj|Person=3|Number=Sing # tatra CAD # pUrva PPX Case=Ins|Number=1|Gender=Masc # dvi NUM Case=Gen|Number=2|Gender=Masc #
/home/basti/code/dvarapandita/data/jna080_kkb:49	[319,9] abhāvasya sannidhimātram, naikasyānena prayuktir iti paśyataḥ paścime 'pi ka āśvāsaḥ?	aBAva NC Case=Gen|Number=1|Gender=Masc # saMniDi NC Case=Cpd # mAtra NC Case=Nom|Number=1|Gender=Neut # na CNG # eka PPX Case=Gen|Number=1|Gender=Masc # idam PRD Case=Ins|Number=1|Gender=Masc # prayukti NC Case=Nom|Number=1|Gender=Fem # iti CQT # dRS KDP Case=Gen|Number=1|Gender=Masc|Tense=Pres|VerbForm=Part # paScima JJ Case=Loc|Number=1|Gender=Masc # api CX # ka PRQ Case=Nom|Number=1|Gender=Masc # ASvAsa NC Case=Nom|Number=1|Gender=Masc #
/home/basti/code/dvarapandita/data/jna080_kkb:50	[319,10] tadanāyattau tadabhāve 'pi utpattiprasaṅge dvitīyābhāvasyāyogaḥ samānaḥ | atha vahni-	tad PRD Case=Cpd # anAyati NC Case=Loc|Number=1|Gender=Fem # tad PRD Case=Cpd # aBAva NC Case=Loc|Number=1|Gender=Masc # api CX # utpatti NC Case=Cpd # prasaFga NC Case=Loc|Number=1|Gender=Masc # dvitIya JJ Case=Cpd # aBAva NC Case=Gen|Number=1|Gender=Masc # ayoga NC Case=Nom|Number=1|Gender=Masc # samAna JJ Case=Nom|Number=1|Gender=Masc # aTa CAD # vahni NC Case=Nom|Number=1|Gender=Neut #
/home/basti/code/dvarapandita/data/jna080_kkb:51	[319,11] rāsabhayor āgamanānantarajanmano 'pi dhūmasya gardabhābhāve 'py abhāvaḥ prācyenānubhūyata	rAsaBa NC Case=Gen|Number=2|Gender=Masc # Agamana NC Case=Cpd # anantaram CX # janman NC Case=Gen|Number=1|Gender=Neut # api CX # DUma NC Case=Gen|Number=1|Gender=Masc # gardaBa NC Case=Cpd # aBAva NC Case=Loc|Number=1|Gender=Masc # api CX # aBAva NC Case=Nom|Number=1|Gender=Masc # prAcya NC Case=Ins|Number=1|Gender=Neut # anuBU V Tense=Impf|Mood=Ind|Voice=Pass|Person=3|Number=Sing #
/home/basti/code/dvarapandita/data/jna080_kkb:52	[319,12] ity ucyate | ubhayāpagame 'pagacchataḥ paścāttanenāpi, ity aparāparopāyaparamparānusāreṇa	iti CQT # vac V Tense=Pres|Mood=Ind|Voice=Pass|Person=3|Number=Sing # uBaya JJ Case=Cpd # apagama NC Case=Loc|Number=1|Gender=Masc # upagam KDP Case=Gen|Number=1|Gender=Masc|Tense=Pres|VerbForm=Part # paScAttana NC Case=Ins|Number=1|Gender=Neut # api CX # iti CQT # apara PPX Case=Cpd # apara PPX Case=Cpd # upAya NC Case=Cpd # paramparA NC Case=Cpd # anusAra NC Case=Ins|Number=1|Gender=Masc #
/home/basti/code/dvarapandita/data/jna080_kkb:53	[319,13] pañcakavyavasthāhāniḥ | tathā sati trayaṃ, na dvayaṃ iti cet? paścimenāpi na śakyate	paQcaka NC Case=Cpd # vyavasTA NC Case=Cpd # hAni NC Case=Nom|Number=1|Gender=Fem # taTA CX # as KDP Case=Loc|Number=1|Gender=Neut|Tense=Pres|VerbForm=Part # traya NC Case=Nom|Number=1|Gender=Neut # na CNG # dvaya NC Case=Nom|Number=1|Gender=Neut # iti CQT # ced CX # paScima JJ Case=Ins|Number=1|Gender=Masc # api CX # na CNG # Sak V Tense=Pres|Mood=Ind|Voice=Pass|Person=3|Number=Sing #
/home/basti/code/dvarapandita/data/jna080_kkb:54	[319,14] ity etāvad ucyate | sa tu dvayos trayor veti (55b) kim anena? asty upayogo dvayasyānyasya	iti CQT # etAvat JJ Case=Nom|Number=1|Gender=Neut # vac V Tense=Pres|Mood=Ind|Voice=Pass|Person=3|Number=Sing # tad PRD Case=Nom|Number=1|Gender=Masc # tu CCD # dvi NUM Case=Gen|Number=2|Gender=Masc # tri NUM Case=Gen|Number=3|Gender=Masc # vA CCD # iti CQT # ka PRQ Case=Nom|Number=1|Gender=Neut # idam PRD Case=Ins|Number=1|Gender=Neut # as V Tense=Pres|Mood=Ind|Person=3|Number=Sing # upayoga NC Case=Nom|Number=1|Gender=Masc # dvaya NC Case=Gen|Number=1|Gender=Neut # anya PPX Case=Gen|Number=1|Gender=Neut #
/home/basti/code/dvarapandita/data/jna080_kkb:55	[319,15] apy abhāve niścayāyogād iti cet? yadaiva tarhi kevale hetvabhāve 'nupalambhas tadaiva prācyaḥ	api CX # aBAva NC Case=Loc|Number=1|Gender=Masc # niScaya NC Case=Cpd # ayoga NC Case=Abl|Number=1|Gender=Masc # iti CQT # ced CX # yadA CSB # eva CEM # tarhi CX # kevala JJ Case=Loc|Number=1|Gender=Masc # hetu NC Case=Cpd # aBAva NC Case=Loc|Number=1|Gender=Masc # na CNG # upalamBa NC Case=Nom|Number=1|Gender=Masc # tadA CAD # eva CEM # prAcya JJ Case=Nom|Number=1|Gender=Masc #
/home/basti/code/dvarapandita/data/jna080_kkb:56	[319,16] api samartha iti kiṃ neṣyate? no cet? sarvathānupayogād ity uktam, anyathā pratyakṣam api	api CX # samarTa JJ Case=Nom|Number=1|Gender=Masc # iti CQT # ka PRQ Case=Nom|Number=1|Gender=Neut # na CNG # iz V Tense=Pres|Mood=Ind|Voice=Pass|Person=3|Number=Sing # no CX # ced CX # sarvaTA CX # upayoga NC Case=Abl|Number=1|Gender=Masc # iti CQT # vac PPP Case=Nom|Number=1|Gender=Neut|VerbForm=PPP # anyaTA CX # pratyakza NC Case=Nom|Number=1|Gender=Neut # api CX #
/home/basti/code/dvarapandita/data/jna080_kkb:57	[319,17] trayaṃ, na dvayam iti vaktuṃ śakyatvāt | ki(kiṃ) ca pañcavādinaḥ samānasamayatayaivāvibhāgāt	traya NC Case=Nom|Number=1|Gender=Neut # na CNG # dvaya NC Case=Nom|Number=1|Gender=Neut # iti CQT # vac CGDI VerbForm=Inf # Sakya JJ Case=Cpd # tva NC Case=Abl|Number=1|Gender=Neut # ka PRQ Case=Nom|Number=1|Gender=Neut # ca CCD # paQcan NUM Case=Cpd # vAdin JJ Case=Gen|Number=1|Gender=Masc # samAna JJ Case=Cpd # samaya NC Case=Cpd # vEviBAga NC Case=Abl|Number=1|Gender=Masc #
/home/basti/code/dvarapandita/data/jna080_kkb:58	[319,18] prācyo 'nupalambha eka iṣṭaḥ | sa cāgnigardabhāpagame 'stīty anantaradhūmānupalambhāpekṣayādyāpi	prAcya JJ Case=Nom|Number=1|Gender=Masc # na CNG # upalamBa NC Case=Nom|Number=1|Gender=Masc # eka PPX Case=Nom|Number=1|Gender=Masc # iz PPP Case=Nom|Number=1|Gender=Masc|VerbForm=PPP # tad PRD Case=Nom|Number=1|Gender=Masc # ca CCD # agni NC Case=Cpd # gardaBa NC Case=Cpd # apagama NC Case=Loc|Number=1|Gender=Masc # as V Tense=Pres|Mood=Ind|Person=3|Number=Sing # iti CQT # anantara JJ Case=Cpd # DUma NC Case=Cpd # anupalamBa NC Case=Cpd # apekzA NC Case=Ins|Number=1|Gender=Fem # api CX #
/home/basti/code/dvarapandita/data/jna080_kkb:59	[319,19] dvaitam eva |	dvEta NC Case=Nom|Number=1|Gender=Neut # eva CEM #
/home/basti/code/dvarapandita/data/jna080_kkb:60	[319,20] api ca,	api CX # ca CCD #
/home/basti/code/dvarapandita/data/jna080_kkb:61	[319,21] prāg adṛṣṭau kramāt paśyan veti hetuphalasthitim ||	prAk CX # adRzwa JJ Case=Acc|Number=2|Gender=Masc # kramAt CX # dRS KDP Case=Nom|Number=1|Gender=Masc|Tense=Pres|VerbForm=Part # vA CCD # iti CQT # hetu NC Case=Cpd # Pala NC Case=Cpd # sTiti NC Case=Acc|Number=1|Gender=Fem #
/home/basti/code/dvarapandita/data/jna080_kkb:62	[319,22] dṛṣṭau vā kramaśo 'paśyann anyathā tv anavasthitiḥ ||8||	dRzwi NC Case=Loc|Number=1|Gender=Fem # vA CCD # kramaSas CX # dRS KDP Case=Nom|Number=1|Gender=Masc|Tense=Pres|VerbForm=Part # anyaTA CX # tu CCD # anavasTiti NC Case=Nom|Number=1|Gender=Fem #
/home/basti/code/dvarapandita/data/jna080_kkb:63	[320,1] tattadāśaṅkānirākaraṇārtham uttarottarapūrvapūrvopalambhānupalambhaparyeṣaṇāprasakteḥ | tatra	tad PRD Case=Cpd # tad PRD Case=Cpd # ASaFkA NC Case=Cpd # nirAkaraNa NC Case=Cpd # arTa NC Case=Acc|Number=1|Gender=Masc # uttarottara JJ Case=Cpd # pUrva PPX Case=Cpd # pUrva PPX Case=Cpd # upalamBa NC Case=Cpd # anupalamBa NC Case=Cpd # parIzaNA NC Case=Cpd # prasaQj PPP Case=Loc|Number=1|Gender=Masc|VerbForm=PPP # tatra CAD #
/home/basti/code/dvarapandita/data/jna080_kkb:64	[320,2] yatheṣṭaṃ trayādivyavasthā kriyatām | na tu pratyakṣaṃ madhyam adhivāsyānupalambhayoḥ kaścid	yaTA CCM # iz PPP Case=Nom|Number=1|Gender=Neut|VerbForm=PPP # traya NC Case=Cpd # Adi NC Case=Cpd # vyavasTA NC Case=Nom|Number=1|Gender=Fem # kR V Tense=Pres|Mood=Imp|Voice=Pass|Person=3|Number=Sing # na CNG # tu CCD # pratyakza JJ Case=Nom|Number=1|Gender=Neut # maDya NC Case=Nom|Number=1|Gender=Neut # aDivAsay CGDA VerbForm=Abs # anupalamBa NC Case=Gen|Number=2|Gender=Masc # kaScit PRI Case=Nom|Number=1|Gender=Masc #
/home/basti/code/dvarapandita/data/jna080_kkb:65	[320,3] upayogaḥ anyaśaṅkane dvayor apy anāśvāt, tadvivecane caikenaiva siddheḥ |	upayoga NC Case=Nom|Number=1|Gender=Masc # anya PPX Case=Cpd # SaFkana NC Case=Loc|Number=1|Gender=Neut # dvi NUM Case=Gen|Number=2|Gender=Masc # api CX # anASva NC Case=Abl|Number=1|Gender=Masc # tad PRD Case=Cpd # vivecana NC Case=Loc|Number=1|Gender=Neut # ca CCD # eka PPX Case=Ins|Number=1|Gender=Masc # eva CEM # sidDi NC Case=Gen|Number=1|Gender=Fem #
/home/basti/code/dvarapandita/data/jna080_kkb:66	[320,4] tasmāt,	tasmAt CX #
/home/basti/code/dvarapandita/data/jna080_kkb:67	[320,5] pratyakṣānupalambhābhyām anvayavyatirekayoḥ |	pratyakza NC Case=Cpd # anupalamBa NC Case=Ins|Number=2|Gender=Masc # anvaya NC Case=Cpd # vyatireka NC Case=Gen|Number=2|Gender=Masc #
/home/basti/code/dvarapandita/data/jna080_kkb:68	[320,6] niścaye saṃśayo nāma kīdṛk hetuphalasthitau ||9||	niScaya NC # saMSaya NC # nAma NC # kIdRS JJ # hetu NC # Pala NC # sTiti NC #
/home/basti/code/dvarapandita/data/jna080_kkb:69	[320,7] arthāntaratve tayor eva tadbhāvarūpatvāt | tayoś ca na pratītiniyamaḥ kaścit,	arTa NC Case=Cpd # antara JJ Case=Cpd # tva NC Case=Loc|Number=1|Gender=Neut # tad PRD Case=Gen|Number=2|Gender=Masc # eva CEM # tad PRD Case=Cpd # BAva NC Case=Cpd # rUpa NC Case=Cpd # tva NC Case=Abl|Number=1|Gender=Neut # tad PRD Case=Gen|Number=2|Gender=Masc # ca CCD # na CNG # pratIti NC Case=Cpd # niyama NC Case=Nom|Number=1|Gender=Masc # kaScit PRI Case=Nom|Number=1|Gender=Masc #
/home/basti/code/dvarapandita/data/jna080_kkb:70	[320,8] dvidhāpi siddheḥ | syād etat, vyatirekadārṭhyād evaṃ vyavasthā | atas tadgrahiṇo 'nupalambhasya	dviDA CX # api CX # sidDi NC Case=Gen|Number=1|Gender=Fem # as V Tense=Pres|Mood=Opt|Person=3|Number=Sing # etad PRD Case=Nom|Number=1|Gender=Neut # vyatireka NC Case=Cpd # dArWya NC Case=Abl|Number=1|Gender=Neut # evam CX # vyavasTA NC Case=Nom|Number=1|Gender=Fem # atas CX # tad PRD Case=Cpd # grahin JJ Case=Gen|Number=1|Gender=Masc # na CNG # upalamBa NC Case=Gen|Number=1|Gender=Masc #
/home/basti/code/dvarapandita/data/jna080_kkb:71	[320,9] anvayaviṣayapratyakṣātivṛttir ucitaiva | na nāntarīyakatvam eva hi pramāṇasya prameye	anvaya NC Case=Cpd # vizaya NC Case=Cpd # pratyakza NC Case=Cpd # ativRtti NC Case=Nom|Number=1|Gender=Fem # ucita JJ Case=Nom|Number=1|Gender=Fem # eva CEM # na CNG # na CNG # antarIyaka JJ Case=Cpd # tva NC Case=Nom|Number=1|Gender=Neut # eva CEM # hi CX # pramANa NC Case=Gen|Number=1|Gender=Neut # prameya NC Case=Loc|Number=1|Gender=Neut #
/home/basti/code/dvarapandita/data/jna080_kkb:72	[320,10] draṭhimānam āropayati | na bāhulyam pramāṇābhāseṣv api darśanāt | eka eva ca dṛśyānupalambhas	draWiman NC Case=Acc|Number=1|Gender=Masc # Aropay V Tense=Pres|Mood=Ind|Person=3|Number=Sing # na CNG # bAhulya NC Case=Acc|Number=1|Gender=Neut # pramANa NC Case=Cpd # ABAsa NC Case=Loc|Number=3|Gender=Masc # api CX # darSana NC Case=Abl|Number=1|Gender=Neut # eka PPX Case=Nom|Number=1|Gender=Masc # eva CEM # ca CCD # dRS KDG Case=Cpd|VerbForm=Ger # anupalamBa NC Case=Nom|Number=1|Gender=Masc #
/home/basti/code/dvarapandita/data/jna080_kkb:73	[320,11] tadabhāve 'tyantam abhāvasādhanasādhur iti kim adhikadhāvanena? na hi tadā	tad PRD Case=Cpd # aBAva NC Case=Loc|Number=1|Gender=Masc # atyantam CX # aBAva NC Case=Cpd # sADana NC Case=Cpd # sADu JJ Case=Nom|Number=1|Gender=Masc # iti CQT # ka PRQ Case=Nom|Number=1|Gender=Neut # aDika JJ Case=Cpd # DAvana NC Case=Ins|Number=1|Gender=Neut # na CNG # hi CX # tadA CAD #
/home/basti/code/dvarapandita/data/jna080_kkb:74	[320,12] gandho 'pidhūmasya saṃbhāvanīyaḥ | nanu bhūyasām abhāvāt kasyābhāve na bhūto dhūma iti	ganDa NC Case=Nom|Number=1|Gender=Masc # piDUma NC Case=Gen|Number=1|Gender=Masc # samBAvay KDG Case=Nom|Number=1|Gender=Masc|VerbForm=Ger # nanu CX # BUyas JJ Case=Gen|Number=3|Gender=Masc # aBAva NC Case=Abl|Number=1|Gender=Masc # ka PRQ Case=Gen|Number=1|Gender=Masc # aBAva NC Case=Loc|Number=1|Gender=Masc # na CNG # BU PPP Case=Nom|Number=1|Gender=Masc|VerbForm=PPP # DUma NC Case=Nom|Number=1|Gender=Masc # iti CQT #
/home/basti/code/dvarapandita/data/jna080_kkb:75	[320,13] niścetavyam iti cetata evānvayagrāhipratyakṣam apekṣyate anyābhāvaprayuktatve	niSci KDG Case=Nom|Number=1|Gender=Neut|VerbForm=Ger # iti CQT # ced CX # atas CX # eva CEM # anvaya NC Case=Cpd # grAhin JJ Case=Cpd # pratyakza NC Case=Nom|Number=1|Gender=Neut # apekz V Tense=Pres|Mood=Ind|Voice=Pass|Person=3|Number=Sing # anya PPX Case=Cpd # aBAva NC Case=Cpd # prayuj PPP Case=Cpd|VerbForm=PPP # tva NC Case=Loc|Number=1|Gender=Neut #
/home/basti/code/dvarapandita/data/jna080_kkb:76	[320,14] hy etadabhāvasya, nāsya saṃbhavam ayam ādriyeta | evam anvayagrahaṇapūrvake 'pi niścaye bhūyasāṃ saṃbhavāt kasya bhāvaprayukto 'sya bhāva iti jijñāsāyām anupalabdher yadabhāvaprayukto 'syābhāvaṛ	hi CX # etad PRD Case=Cpd # aBAva NC Case=Gen|Number=1|Gender=Masc # na CNG # idam PRD Case=Gen|Number=1|Gender=Masc # samBava NC Case=Acc|Number=1|Gender=Masc # idam PRD Case=Nom|Number=1|Gender=Masc # AdR V Tense=Pres|Mood=Opt|Voice=Pass|Person=3|Number=Sing # evam CX # anvaya NC Case=Cpd # grahaNa NC Case=Cpd # pUrvaka JJ Case=Loc|Number=1|Gender=Masc # api CX # niScaya NC Case=Loc|Number=1|Gender=Masc # BUyas JJ Case=Gen|Number=3|Gender=Masc # samBava NC Case=Abl|Number=1|Gender=Masc # ka PRQ Case=Gen|Number=1|Gender=Masc # BAva NC Case=Cpd # prayuj PPP Case=Nom|Number=1|Gender=Masc|VerbForm=PPPBAva NC Case=Nom|Number=1|Gender=Masc # iti CQT # jijQAsA NC Case=Loc|Number=1|Gender=Fem # anupalabDi NC Case=Abl|Number=1|Gender=Fem # yad PRL Case=Cpd # aBAva NC Case=Cpd # prayuj PPP Case=Nom|Number=1|Gender=Masc|VerbForm=PPP # as V Tense=Pres|Mood=Opt|Person=2|Number=Sing # aBAva NC Case=Cpd # R CX #
/home/basti/code/dvarapandita/data/jna080_kkb:77	[320,15] saṃprati tadbhāvaprayuktaḥ prāg apy asya bhāva iti sidhyati | tatra vaikaikasyopanaye 'panaye	samprati CX # tad PRD Case=Cpd # BAva NC Case=Cpd # prayuj PPP Case=Nom|Number=1|Gender=Masc|VerbForm=PPP # prAk CX # api CX # idam PRD Case=Gen|Number=1|Gender=Masc # BAva NC Case=Nom|Number=1|Gender=Masc # iti CQT # siD V Tense=Pres|Mood=Ind|Person=3|Number=Sing # tatra CAD # vA CCD # ekEka PRC Case=Gen|Number=1|Gender=Masc # upanaya NC Case=Loc|Number=1|Gender=Masc # panaya NC Case=Loc|Number=1|Gender=Masc #
/home/basti/code/dvarapandita/data/jna080_kkb:78	[320,16] vā tathā pratipattuṃ śakyam | tathā ca sati prācyasya paścimasya vā vyatirekasiddhau śaktiḥ,	vA CCD # taTA CX # pratipad CGDI VerbForm=Inf # Sakya JJ Case=Nom|Number=1|Gender=Neut # taTA CX # ca CCD # as KDP Case=Loc|Number=1|Gender=Neut|Tense=Pres|VerbForm=Part # prAcya JJ Case=Gen|Number=1|Gender=Masc # paScima JJ Case=Gen|Number=1|Gender=Masc # vA CCD # vyatireka NC Case=Cpd # sidDi NC Case=Loc|Number=1|Gender=Fem # Sakti NC Case=Nom|Number=1|Gender=Fem #
/home/basti/code/dvarapandita/data/jna080_kkb:79	[320,17] anekopanayādau tu dvitayasyāpy aśaktir iti sthitam ||	aneka JJ Case=Cpd # upanaya NC Case=Cpd # Adi NC Case=Loc|Number=1|Gender=Masc # tu CCD # dvitaya NC Case=Gen|Number=1|Gender=Neut # api CX # aSakti NC Case=Nom|Number=1|Gender=Fem # iti CQT # sTA PPP Case=Nom|Number=1|Gender=Neut|VerbForm=PPP #
/home/basti/code/dvarapandita/data/jna080_kkb:80	[320,18] avyāpinī ceyaṃ pañcakavyavasthā | bhasmānalakalasakumbhakārādiṣu paścimābhāvāt,	avyApin JJ Case=Nom|Number=1|Gender=Fem # ca CCD # idam PRD Case=Nom|Number=1|Gender=Fem # paQcaka NC Case=Cpd # vyavasTA NC Case=Nom|Number=1|Gender=Fem # Basman NC Case=Cpd # anala NC Case=Cpd # sakumBa NC Case=Cpd # kAra NC Case=Cpd # Adi NC Case=Loc|Number=3|Gender=Masc # paScima JJ Case=Cpd # aBAva NC Case=Abl|Number=1|Gender=Masc #
/home/basti/code/dvarapandita/data/jna080_kkb:81	[320,19] nīrādhārādiṣu ca prācyābhāve 'pi siddhaḥ | tathā hi sati setau payaṛpūra-	nIra NC Case=Cpd # ADAra NC Case=Cpd # Adi NC Case=Loc|Number=3|Gender=Masc # ca CCD # prAcya JJ Case=Cpd # aBAva NC Case=Loc|Number=1|Gender=Masc # api CX # siD PPP Case=Nom|Number=1|Gender=Masc|VerbForm=PPP # taTA CX # hi CX # as KDP Case=Loc|Number=1|Gender=Masc|Tense=Pres|VerbForm=Part # setu NC Case=Loc|Number=1|Gender=Masc # payas NC Case=Cpd # pUra NC Case=Voc|Number=1|Gender=Masc #
/home/basti/code/dvarapandita/data/jna080_kkb:82	[320,20] sthemānam upalabdhavatas tadbhāve tadbhāvadarśitas tayor hetuphalabhāvaniścayaḥ prācyānapekṣa	sTA KDP Case=Acc|Number=1|Gender=Masc|Tense=Pres|Voice=Pass|VerbForm=Part # upalaB KDP Case=Gen|Number=1|Gender=Masc|VerbForm=PPA # tad PRD Case=Cpd # BAva NC Case=Loc|Number=1|Gender=Masc # tad PRD Case=Cpd # BAva NC Case=Cpd # darSay PPP Case=Nom|Number=1|Gender=Masc|VerbForm=PPP # tad PRD Case=Gen|Number=2|Gender=Masc # hetu NC Case=Cpd # Pala NC Case=Cpd # BAva NC Case=Cpd # niScaya NC Case=Nom|Number=1|Gender=Masc # prAcya JJ Case=Cpd # anapekza JJ Case=Voc|Number=1|Gender=Masc #
/home/basti/code/dvarapandita/data/jna080_kkb:83	[320,21] eva | tadvad anyatrāpi trikāpekṣa eveti veditavyam |	eva CEM # tadvat CX # anyatra CX # api CX # trika NC Case=Cpd # apekzA NC Case=Nom|Number=1|Gender=Masc # eva CEM # iti CQT # vid KDG Case=Nom|Number=1|Gender=Neut|VerbForm=Ger #
/home/basti/code/dvarapandita/data/jna080_kkb:84	[320,22] atha prāg adṛṣṭvā vahnisannidhau dhūmadarśane vahnim apekṣyānya eva janayatīti ki(kiṃ) na	aTa CAD # prAk CX # adRzwvA CX # vahni NC Case=Cpd # saMniDi NC Case=Loc|Number=1|Gender=Masc # DUma NC Case=Cpd # darSana NC Case=Loc|Number=1|Gender=Neut # vahni NC Case=Acc|Number=1|Gender=Masc # apekz CGDA VerbForm=Abs # anya PPX Case=Nom|Number=1|Gender=Masc # eva CEM # janay V Tense=Pres|Mood=Ind|Person=3|Number=Sing # iti CQT # ka PRQ Case=Nom|Number=1|Gender=Neut # na CNG #
/home/basti/code/dvarapandita/data/jna080_kkb:85	[320,23] kalpyate? evam api vahneḥ kāraṇatvam evendhanasyeva | evaṃ tarhy anyasyāpi yadṛcchāsannihitasya	kalpay V Tense=Pres|Mood=Ind|Voice=Pass|Person=3|Number=Sing # evam CX # api CX # vahni NC Case=Gen|Number=1|Gender=Masc # kAraNa NC Case=Cpd # tva NC Case=Nom|Number=1|Gender=Neut # eva CEM # inDana NC Case=Gen|Number=1|Gender=Neut # iva CCM # evam CX # tarhi CX # anya PPX Case=Gen|Number=1|Gender=Neut # api CX # yadRcCA NC Case=Cpd # saMniDA PPP Case=Gen|Number=1|Gender=Neut|VerbForm=PPP #
/home/basti/code/dvarapandita/data/jna080_kkb:86	[321,1] gardabhādeḥ kāraṇatvam astu, tataś ca tasyāpi dhūmād anumānaprasaṅga iti cet? tat	gardaBa NC Case=Cpd # Adi NC Case=Gen|Number=1|Gender=Masc # kAraNa NC Case=Cpd # tva NC Case=Nom|Number=1|Gender=Neut # as V Tense=Pres|Mood=Imp|Person=3|Number=Sing # tatas CX # ca CCD # tad PRD Case=Gen|Number=1|Gender=Masc # api CX # DUma NC Case=Abl|Number=1|Gender=Masc # anumAna NC Case=Cpd # prasaFga NC Case=Nom|Number=1|Gender=Masc # iti CQT # ced CX # tad PRD Case=Nom|Number=1|Gender=Neut #
/home/basti/code/dvarapandita/data/jna080_kkb:87	[321,2] kiṃ vahneḥ kāraṇatvaniścaya (56a) ity evaṃ gardabhasyāpi? atha pratyakṣānupalambhayos tatrāpi	ka PRQ Case=Acc|Number=1|Gender=Neut # vahni NC Case=Gen|Number=1|Gender=Masc # kAraNatva NC Case=Cpd # niScaya NC Case=Nom|Number=1|Gender=Masc # iti CQT # evam CX # gardaBa NC Case=Gen|Number=1|Gender=Masc # api CX # aTa CAD # pratyakza NC Case=Cpd # anupalamBa NC Case=Gen|Number=2|Gender=Masc # tatra CAD # api CX #
/home/basti/code/dvarapandita/data/jna080_kkb:88	[321,3] vṛtteḥ ubhayasyāpy ayogāt | na cānyasya tathā niṣedhāya trayāśrayaṇam, api tu	vRtti NC Case=Gen|Number=1|Gender=Fem # uBaya JJ Case=Gen|Number=1|Gender=Masc # api CX # ayoga NC Case=Abl|Number=1|Gender=Masc # na CNG # ca CCD # anya PPX Case=Gen|Number=1|Gender=Masc # taTA CX # nizeDa NC Case=Dat|Number=1|Gender=Masc # traya NC Case=Cpd # ASrayaNa NC Case=Nom|Number=1|Gender=Neut # api CX # tu CCD #
/home/basti/code/dvarapandita/data/jna080_kkb:89	[321,4] vahner vidhaye | sa ca siddha ity anyasyāniṣedho 'bādhaka eva | ananumānaṃ tu kāraṇatvā-	vahni NC Case=Gen|Number=1|Gender=Masc # viDi NC Case=Dat|Number=1|Gender=Masc # tad PRD Case=Nom|Number=1|Gender=Masc # ca CCD # siD PPP Case=Nom|Number=1|Gender=Masc|VerbForm=PPP # iti CQT # anya PPX Case=Gen|Number=1|Gender=Masc # a CNG # nizeDa NC Case=Nom|Number=1|Gender=Masc # bADaka JJ Case=Nom|Number=1|Gender=Masc # eva CEM # ananumAna NC Case=Nom|Number=1|Gender=Neut # tu CCD # kAraNa NC Case=Cpd # tva NC Case=Nom|Number=1|Gender=Fem #
/home/basti/code/dvarapandita/data/jna080_kkb:90	[321,5] niścayād eva | na kadācid agnim apekṣya gardabhaḥ karotīti śaṅkaiva niścayo virodhāt,	niScaya NC Case=Abl|Number=1|Gender=Masc # eva CEM # na CNG # kadAcid CX # agni NC Case=Acc|Number=1|Gender=Masc # apekz CGDA VerbForm=Abs # gardaBa NC Case=Nom|Number=1|Gender=Masc # kR V Tense=Pres|Mood=Ind|Person=3|Number=Sing # iti CQT # SaFkA NC Case=Nom|Number=1|Gender=Fem # eva CEM # niScaya NC Case=Nom|Number=1|Gender=Masc # viroDa NC Case=Abl|Number=1|Gender=Masc #
/home/basti/code/dvarapandita/data/jna080_kkb:91	[321,6] tasyāḥ saṃśayarūpatvāt | tanniṣedho 'pi tasyaiva parīkṣayā nānyasyety asthānam evaṃvidha-	tad PRD Case=Gen|Number=1|Gender=Fem # saMSaya NC Case=Cpd # rUpa NC Case=Cpd # tva NC Case=Abl|Number=1|Gender=Neut # tad PRD Case=Cpd # nizeDa NC Case=Nom|Number=1|Gender=Masc # api CX # tad PRD Case=Gen|Number=1|Gender=Masc # eva CEM # parIkzA NC Case=Ins|Number=1|Gender=Fem # na CNG # anya PPX Case=Gen|Number=1|Gender=Masc # iti CQT # asTAna NC Case=Nom|Number=1|Gender=Neut # evaMviDa JJ Case=Voc|Number=1|Gender=Masc #
/home/basti/code/dvarapandita/data/jna080_kkb:92	[321,7] pralāpasya | nanu tathāpi vahniḥ kāraṇam ity avadhāraṇānupapatter dusthaiva sthitiḥ | na hi vahnir	pralApa NC Case=Gen|Number=1|Gender=Masc # nanu CX # taTA CX # api CX # vahni NC Case=Nom|Number=1|Gender=Masc # kAraNa NC Case=Nom|Number=1|Gender=Neut # iti CQT # avaDAraNa NC Case=Cpd # anupapatti NC Case=Abl|Number=1|Gender=Fem # dusTa JJ Case=Nom|Number=1|Gender=Fem # eva CEM # sTiti NC Case=Nom|Number=1|Gender=Fem # na CNG # hi CX # vahni NC Case=Nom|Number=1|Gender=Masc #
/home/basti/code/dvarapandita/data/jna080_kkb:93	[321,8] eva kāraṇam, anyasyāpy anirākaraṇāt, indhanasyāpi paramārthataḥ kāraṇatvāc ca | na ca	eva CEM # kAraNa NC Case=Nom|Number=1|Gender=Neut # anya PPX Case=Gen|Number=1|Gender=Masc # api CX # anirAkaraNa NC Case=Abl|Number=1|Gender=Neut # inDana NC Case=Gen|Number=1|Gender=Neut # api CX # paramArTa NC Case=Abl|Number=1|Gender=Masc # kAraNatva NC Case=Abl|Number=1|Gender=Neut # ca CCD # na CNG # ca CCD #
/home/basti/code/dvarapandita/data/jna080_kkb:94	[321,9] kāraṇam eva, anārabdhadhūmasyāpi saṃbhavād iti na codyam, dvividhasyāpi vyavacchedasya	kAraNa NC Case=Nom|Number=1|Gender=Neut # eva CEM # anArabDa JJ Case=Cpd # DUma NC Case=Gen|Number=1|Gender=Masc # api CX # samBava NC Case=Abl|Number=1|Gender=Masc # iti CQT # na CNG # ca CCD # udyama NC Case=Nom|Number=1|Gender=Neut # dviviDa JJ Case=Gen|Number=1|Gender=Masc # api CX # vyavacCeda NC Case=Gen|Number=1|Gender=Masc #
/home/basti/code/dvarapandita/data/jna080_kkb:95	[321,10] siddheḥ |	sidDi NC Case=Gen|Number=1|Gender=Fem #
/home/basti/code/dvarapandita/data/jna080_kkb:96	[321,11] tathā hi,	taTA CX # hi CX #
/home/basti/code/dvarapandita/data/jna080_kkb:97	[321,12] sāmagryapekṣayānyasya cchede dravyavyapekṣayā |	sAmagrya NC Case=Cpd # apekzA NC Case=Ins|Number=1|Gender=Fem # anya PPX Case=Gen|Number=1|Gender=Masc # Ceda NC Case=Loc|Number=1|Gender=Masc # dravya NC Case=Cpd # vyapekzA NC Case=Ins|Number=1|Gender=Fem #
/home/basti/code/dvarapandita/data/jna080_kkb:98	[321,13] yogyatāyām ayogasya siddho 'tyantaṃ ca karmaṇi ||10||	yogyatA NC Case=Loc|Number=1|Gender=Fem # ayoga NC Case=Gen|Number=1|Gender=Masc # siD PPP Case=Nom|Number=1|Gender=Masc|VerbForm=PPP # tya PRD Case=Cpd # anta NC Case=Acc|Number=1|Gender=Masc # ca CCD # karman NC Case=Loc|Number=1|Gender=Neut #
/home/basti/code/dvarapandita/data/jna080_kkb:99	[321,14] yadā hi dahanaśabdena tadupalakṣitā sāmagrī samāsenābhidhīyate, tadā sa eveti anya	yadA CSB # hi CX # dahana NC Case=Cpd # Sabda NC Case=Ins|Number=1|Gender=Masc # tad PRD Case=Cpd # upalakzay PPP Case=Nom|Number=1|Gender=Fem|VerbForm=PPP # sAmagrI NC Case=Nom|Number=1|Gender=Fem # samAsena CX # aBiDA V Tense=Pres|Mood=Ind|Voice=Pass|Person=3|Number=Sing # tadA CAD # tad PRD Case=Nom|Number=1|Gender=Masc # eva CEM # iti CQT # anya PPX Case=Nom|Number=1|Gender=Masc #
/home/basti/code/dvarapandita/data/jna080_kkb:100	[321,15] yogavyavacchedaḥ | yadā tu dahanadravyam eva tadāpi kāraṇatvam nāma yadi yogyatā, tadā	yoga NC Case=Cpd # vyavacCeda NC Case=Nom|Number=1|Gender=Masc # yadA CSB # tu CCD # dahana NC Case=Cpd # dravya NC Case=Nom|Number=1|Gender=Neut # eva CEM # tadA CAD # api CX # kAraNa NC Case=Cpd # tva NC Case=Nom|Number=1|Gender=Neut # nAma CX # yadi CSB # yogyatA NC Case=Nom|Number=1|Gender=Fem # tadA CAD #
/home/basti/code/dvarapandita/data/jna080_kkb:101	[321,16] kāraṇam evety ayogavyavacchedaḥ | atha kriyaiva, tadāpi bhavaty evety atyantāyogavyavacchedaś ca	kAraNa NC Case=Nom|Number=1|Gender=Neut # eva CEM # iti CQT # ayogavyavacCeda NC Case=Nom|Number=1|Gender=Masc # aTa CAD # kriyA NC Case=Nom|Number=1|Gender=Fem # eva CEM # tadA CAD # api CX # BU V Tense=Pres|Mood=Ind|Person=3|Number=Sing # eva CEM # iti CQT # atyanta JJ Case=Cpd # ayoga NC Case=Cpd # vyavacCeda NC Case=Nom|Number=1|Gender=Masc # ca CCD #
/home/basti/code/dvarapandita/data/jna080_kkb:102	[321,17] siddhaḥ | sa cāyam iyān vyāpāras trividhasyaiva pratyakṣānupalambhasya śakya iti yuktam atra bhāge	siD PPP Case=Nom|Number=1|Gender=Masc|VerbForm=PPP # tad PRD Case=Nom|Number=1|Gender=Masc # ca CCD # idam PRD Case=Nom|Number=1|Gender=Masc # iyat JJ Case=Nom|Number=1|Gender=Masc # vyApAra NC Case=Nom|Number=1|Gender=Masc # triviDa JJ Case=Gen|Number=1|Gender=Masc # eva CEM # pratyakza JJ Case=Cpd # anupalamBa NC Case=Gen|Number=1|Gender=Masc # Sakya JJ Case=Nom|Number=1|Gender=Masc # iti CQT # yuj PPP Case=Nom|Number=1|Gender=Neut|VerbForm=PPP # atra CAD # BAga NC Case=Loc|Number=1|Gender=Masc #
/home/basti/code/dvarapandita/data/jna080_kkb:103	[321,18] bhaṭṭārcaṭapādavyākhyānam eva |	Bawwa NC Case=Cpd # arcana NC Case=Cpd # wapa NC Case=Cpd # vyAKyAna NC Case=Nom|Number=1|Gender=Neut # eva CEM #
/home/basti/code/dvarapandita/data/jna080_kkb:104	[321,19] bhagavato vārttikakārasyāpi svayam eva,	Bagavant NC Case=Gen|Number=1|Gender=Masc # vArttikakAra NC Case=Gen|Number=1|Gender=Masc # api CX # svayam CX # eva CEM #
/home/basti/code/dvarapandita/data/jna080_kkb:105	[321,20] kumbhasya kumbhakāreṇa karaṇaṃ bhasmano 'gninā |	kumBa NC Case=Gen|Number=1|Gender=Masc # kumBakAra NC Case=Ins|Number=1|Gender=Masc # karaNa NC Case=Nom|Number=1|Gender=Neut # Basman NC Case=Gen|Number=1|Gender=Neut # agni NC Case=Ins|Number=1|Gender=Masc #
/home/basti/code/dvarapandita/data/jna080_kkb:106	[321,21] śāstrādinā vraṇādeś ca bruvato matam eva tat ||1(11)||	SAstra NC Case=Cpd # Adi NC Case=Ins|Number=1|Gender=Masc # vraNa NC Case=Cpd # Adi NC Case=Gen|Number=1|Gender=Masc # ca CCD # brU KDP Case=Gen|Number=1|Gender=Masc|Tense=Pres|VerbForm=Part # mata NC Case=Acc|Number=1|Gender=Neut # eva CEM # tad PRD Case=Acc|Number=1|Gender=Neut #
/home/basti/code/dvarapandita/data/jna080_kkb:107	[321,22] kathaṃ punaḥ kāryatvāviśeṣād iva bhasmano 'pi nāgner anumānam? na, deśakālādya-	kaTam CX # punar CAD # kArya NC Case=Cpd # tva NC Case=Cpd # aviSeza NC Case=Abl|Number=1|Gender=Masc # iva CCM # Basman NC Case=Gen|Number=1|Gender=Neut # api CX # na CNG # agni NC Case=Gen|Number=1|Gender=Masc # anumAna NC Case=Nom|Number=1|Gender=Neut # na CNG # deSa NC Case=Cpd # kAla NC Case=Cpd # Adya JJ Case=Voc|Number=1|Gender=Masc #
/home/basti/code/dvarapandita/data/jna080_kkb:108	[321,23] pekṣayā abhimatatvāt | tathā hi;	apekzA NC Case=Ins|Number=1|Gender=Fem # aBiman PPP Case=Cpd|VerbForm=PPP # tva NC Case=Abl|Number=1|Gender=Neut # taTA CX # hi CX #
/home/basti/code/dvarapandita/data/jna080_kkb:109	[321,24] kim apy udayamātrāya kāryaṃ hetum apekṣate |	ka PRQ Case=Nom|Number=1|Gender=Neut # api CX # udaya NC Case=Cpd # mAtra NC Case=Dat|Number=1|Gender=Neut # kArya NC Case=Nom|Number=1|Gender=Neut # hetu NC Case=Acc|Number=1|Gender=Masc # apekz V Tense=Pres|Mood=Ind|Person=3|Number=Sing #
/home/basti/code/dvarapandita/data/jna080_kkb:110	[321,25] prabandhasthitaye 'py anyat kālavit tadapekṣayā ||12||	prabanDa NC Case=Cpd # sTiti NC Case=Dat|Number=1|Gender=Fem # api CX # anya PPX Case=Nom|Number=1|Gender=Neut # kAla NC Case=Cpd # vid JJ Case=Nom|Number=1|Gender=Masc # tad PRD Case=Cpd # apekzA NC Case=Ins|Number=1|Gender=Fem #
/home/basti/code/dvarapandita/data/jna080_kkb:111	[322,1] tatra kalasabhasmādibhyo janmany evāpekṣitaparebhyaḥ, ata evārthāntarāpekṣaprabandha-	tatra CAD # kalasa NC Case=Cpd # Basman NC Case=Cpd # Adi NC Case=Abl|Number=3|Gender=Neut # janman NC Case=Loc|Number=1|Gender=Neut # eva CEM # apekz PPP Case=Cpd|VerbForm=PPP # para PPX Case=Abl|Number=3|Gender=Neut # atas CX # eva CEM # arTa NC Case=Cpd # antara JJ Case=Cpd # apekza JJ Case=Cpd # prabanDa NC Case=Voc|Number=1|Gender=Masc #
/home/basti/code/dvarapandita/data/jna080_kkb:112	[322,2] vaidhuryebhyaḥ, atīta eva hitusannidheḥ kālaḥ śakyaniścayo, na tu vatramāna iti na pravṛttyādi-	vEDurya NC Case=Abl|Number=3|Gender=Neut # atI PPP Case=Nom|Number=1|Gender=Masc|VerbForm=PPP # eva CEM # hitu NC Case=Cpd # saMniDi NC Case=Gen|Number=1|Gender=Masc # kAla NC Case=Nom|Number=1|Gender=Masc # Sakya JJ Case=Cpd # niScaya NC Case=Nom|Number=1|Gender=Masc # na CNG # tu CCD # vat CX # mAna NC Case=Nom|Number=1|Gender=Masc # iti CQT # na CNG # pravRtti NC Case=Cpd # Adi NC Case=Nom|Number=1|Gender=Neut #
/home/basti/code/dvarapandita/data/jna080_kkb:113	[322,3] saṃkaraḥ | uttarebhyaś ca dhūmālokādibhyo daśāviśeṣāpekṣānapekṣaprabandhavaidhuryebhya upādāna-	saMkara NC Case=Nom|Number=1|Gender=Masc # uttara JJ Case=Abl|Number=3|Gender=Masc # ca CCD # DUma NC Case=Cpd # Aloka NC Case=Cpd # Adi NC Case=Abl|Number=3|Gender=Masc # daSan NUM Case=Cpd # aviSeza NC Case=Cpd # apekzA NC Case=Cpd # anapekza JJ Case=Cpd # prabanDa NC Case=Cpd # vEDurya NC Case=Abl|Number=3|Gender=Neut # upAdAna NC Case=Nom|Number=1|Gender=Masc #
/home/basti/code/dvarapandita/data/jna080_kkb:114	[322,4] vikalatarā pravāhavicchittaye 'napekṣitaparebhyo vartamāna eveti na doṣaḥ | etadapekṣayā	vikalatara JJ Case=Nom|Number=1|Gender=Fem # pravAha NC Case=Cpd # vicCitti NC Case=Dat|Number=1|Gender=Fem # na CNG # upekz PPP Case=Cpd|VerbForm=PPP # para PPX Case=Abl|Number=3|Gender=Masc # vRt KDP Case=Nom|Number=1|Gender=Masc|Tense=Pres|VerbForm=Part # eva CEM # iti CQT # na CNG # doza NC Case=Nom|Number=1|Gender=Masc # etad PRD Case=Cpd # apekzA NC Case=Ins|Number=1|Gender=Fem #
/home/basti/code/dvarapandita/data/jna080_kkb:115	[322,5] tv ācāryadharmottarasya paścimadvayasya śrayaṇayatnaḥ phaled api | na tu pañcakaniyamaḥ tadāpi	tu CCD # AcArya NC Case=Cpd # Darma NC Case=Cpd # uttara JJ Case=Gen|Number=1|Gender=Neut # paScima JJ Case=Cpd # dvaya NC Case=Gen|Number=1|Gender=Neut # SrayaNa NC Case=Cpd # yatna NC Case=Nom|Number=1|Gender=Masc # Pal V Tense=Pres|Mood=Opt|Person=3|Number=Sing # api CX # na CNG # tu CCD # paQcaka NC Case=Cpd # niyama NC Case=Nom|Number=1|Gender=Masc # tadA CAD # api CX #
/home/basti/code/dvarapandita/data/jna080_kkb:116	[322,6] parabhāgabhāk | pratyakṣapūrvake 'nupalambhe 'nyāpekṣā 'bhāvād iti prathamam eva śreyaḥ ||	para PPX Case=Cpd # BAga NC Case=Cpd # BAj JJ Case=Nom|Number=1|Gender=Masc # pratyakza JJ Case=Cpd # pUrvaka JJ Case=Loc|Number=1|Gender=Masc # na CNG # upalamBa NC Case=Loc|Number=1|Gender=Masc # na CNG # apekzA NC Case=Nom|Number=1|Gender=Fem # BAva NC Case=Abl|Number=1|Gender=Masc # iti CQT # praTamam CX # eva CEM # Sreyas NC Case=Nom|Number=1|Gender=Neut #
/home/basti/code/dvarapandita/data/jna080_kkb:117	[322,7] || ekādaśaślokīsaṃgṛhītā trividhapratyakṣānupalambhapūrvikās	ekAdaSan NUM Case=Cpd # Sloka JJ Case=Cpd # saMgrah PPP Case=Nom|Number=3|Gender=Masc|VerbForm=PPP # triviDa JJ Case=Cpd # pratyakza JJ Case=Cpd # anupalamBa NC Case=Cpd # pUrvaka JJ Case=Nom|Number=3|Gender=Masc #
/home/basti/code/dvarapandita/data/jna080_kkb:118	kāryakāraṇabhāvasiddhiḥ	kArya NC Case=Cpd # kAraNa NC Case=Cpd # BAva NC Case=Cpd # sidDi NC Case=Nom|Number=1|Gender=Fem #
/home/basti/code/dvarapandita/data/jna080_kkb:119	[322,8] mahāpaṇḍitajñānaśrīmitrapādasya kṛtiḥ samāptā ||	mahat JJ Case=Cpd # paNXita NC Case=Cpd # jQAna NC Case=Cpd # SrI NC Case=Cpd # mitra NC Case=Cpd # pAda NC Case=Gen|Number=1|Gender=Masc # kRti NC Case=Nom|Number=1|Gender=Fem # samAp PPP Case=Nom|Number=1|Gender=Fem|VerbForm=PPP #
