/home/basti/code/dvarapandita/data/jna050_ssa:0	[191,1-199,7]|| sarvaśabdābhāvacarcā ||	sarva JQ Case=Cpd # Sabda NC Case=Cpd # aBAva NC Case=Cpd # carcA NC Case=Nom|Number=1|Gender=Fem #
/home/basti/code/dvarapandita/data/jna050_ssa:1	 [191,3] iha sarvaśabdābhāvasādhane jñānakāryānupalabdhim eke pramāṇayanti | ekajñānasaṃsargivirahāt kila neha svabhāvānupalabdher avasaraḥ |	iha CAD #
/home/basti/code/dvarapandita/data/jna050_ssa:2	[191,4] tathā hi trayam avaśyam asyām abhidheyaṃ ghaṭādimatpratikṣepeṇa viśeṣaṇaṃ svabhāvaḥ phalañ ceti | tatra dṛśyaviṣayaviśeṣaṇavaśāt piśācāder (6a2) apratiṣedhaḥ | ekajñānasaṃsargivedanasvabhāvatvena rūpajñānād rasasya | nāpy abhāvapakṣadoṣānuṣaṅgaḥ | vyavahāraphalatayā ca pratyakṣasiddhir upasaṃhitā |	taTA CX # hi CX # traya NC Case=Nom|Number=1|Gender=Neut # avaSyam CX # idam PRD Case=Loc|Number=1|Gender=Fem # aBiDA KDG Case=Nom|Number=1|Gender=Neut|VerbForm=Ger # Gawa NC Case=Cpd # Adi NC Case=Cpd # mad PPR Case=Cpd # pratikzepa NC Case=Ins|Number=1|Gender=Masc # viSezaNa NC Case=Nom|Number=1|Gender=Neut # svaBAva NC Case=Nom|Number=1|Gender=Masc # Pala NC Case=Nom|Number=1|Gender=Neut # ca CCD # iti CQT # tatra CAD # dRS KDG Case=Cpd|VerbForm=Ger # vizaya NC Case=Cpd # viSezaNa NC Case=Cpd # vaSa NC Case=Abl|Number=1|Gender=Neut #piSAca NC Case=Cpd # Adi NC Case=Gen|Number=1|Gender=Masc # apratizeDa NC Case=Nom|Number=1|Gender=Masc # eka PPX Case=Cpd # jQAna NC Case=Cpd # saMsargin JJ Case=Cpd # vedanA NC Case=Cpd # svaBAva NC Case=Cpd # tva NC Case=Ins|Number=1|Gender=Neut # rUpa NC Case=Cpd # jQAna NC Case=Abl|Number=1|Gender=Neut # rasa NC Case=Gen|Number=1|Gender=Masc # na CNG # api CX # aBAva NC Case=Cpd # pakza NC Case=Cpd # doza NC Case=Cpd # anuzaFga NC Case=Nom|Number=1|Gender=Masc # vyavahAra NC Case=Cpd # PalatA NC Case=Ins|Number=1|Gender=Fem #ca CCD # pratyakza NC Case=Cpd # sidDi NC Case=Nom|Number=1|Gender=Fem # upasaMDA PPP Case=Nom|Number=1|Gender=Fem|VerbForm=PPP #
/home/basti/code/dvarapandita/data/jna050_ssa:3	[191,7] sā ca pratiyogijñānāśraye saty upapadyate | tad eva pratiyogyantarābhāvanāntarīyakatayā tadabhāvavikalpajananasāmarthyāt sādhanaṃ bhavet | tato mūṭhaṃ prati tadātmikānupalabdhir abhāvavyavahārasādhanīti (6'a1) yuktam |	tad PRD Case=Nom|Number=1|Gender=Fem # ca CCD # pratiyogin JJ Case=Cpd # jQAna NC Case=Cpd # ASraya NC Case=Loc|Number=1|Gender=Masc # as KDP Case=Loc|Number=1|Gender=Masc|Tense=Pres|VerbForm=Part # upapad V Tense=Pres|Mood=Ind|Person=3|Number=Sing # tad PRD Case=Nom|Number=1|Gender=Neut # eva CEM # pratiyogyatara JJ Case=Cpd # aBAvana NC Case=Cpd # antarIyaka JJ Case=Cpd # tA NC Case=Ins|Number=1|Gender=Fem # tad PRD Case=Cpd # aBAva NC Case=Cpd # vikalpa NC Case=Cpd # janana NC Case=Cpd # sAmarTya NC Case=Abl|Number=1|Gender=Neut # sADana NC Case=Nom|Number=1|Gender=Neut #BU V Tense=Pres|Mood=Opt|Person=3|Number=Sing # tatas CX # mUWa NC Case=Nom|Number=1|Gender=Neut # prati CADP # tadA CAD # Atmaka JJ Case=Cpd # anupalabDi NC Case=Nom|Number=1|Gender=Fem # aBAva NC Case=Cpd # vyavahAra NC Case=Cpd # sADana JJ Case=Nom|Number=1|Gender=Fem # iti CQT # yuj PPP Case=Nom|Number=1|Gender=Neut|VerbForm=PPP #
/home/basti/code/dvarapandita/data/jna050_ssa:4	na ca sarvaśabdābhāve sādhye kaścid ekajñānasaṃsargī labhyata iti nātrāvakāśas tasyāḥ | sa tu śabdarāśir abhimatapradeśe vidyamānas tadā jñānakāryam anārabhyāsituṃ na samartha iti kāryapratiṣedhe 'pi nirviśeṣeṇaiva sattā pratiṣiddhā bhavatīti bhāvaḥ |	na CNG # ca CCD #tadA CAD # jQAna NC Case=Cpd # kArya NC Case=Acc|Number=1|Gender=Neut # an CX # AraB CGDA VerbForm=Abs # As CGDI VerbForm=Inf # na CNG # samarTa JJ Case=Nom|Number=1|Gender=Masc # iti CQT # kArya NC Case=Cpd # pratizeDa NC Case=Loc|Number=1|Gender=Masc # api CX # nirviSeza NC Case=Ins|Number=1|Gender=Masc # eva CEM # sattA NC Case=Nom|Number=1|Gender=Fem # pratiziD PPP Case=Nom|Number=1|Gender=Fem|VerbForm=PPP # BU V Tense=Pres|Mood=Ind|Person=3|Number=Sing # iti CQT # BAva NC Case=Nom|Number=1|Gender=Masc #
/home/basti/code/dvarapandita/data/jna050_ssa:5	[191,13] atra cintyate | na tāvat dhvanir ity eva śravaṇam vadhirasyāpi prasaṅgāt | tasmād indriyapāṭavasahakṛtasyaiva śabdasya (6'a2) śravaṇajñānajanakatvam | tac ca śravaṇapāṭavam ekajñānasaṃsargivirahe duravadhāram | ata eva pradeśapratyakṣāpekṣayā ghaṭaniṣedhaḥ | tato hīndriyaguṇaṃ gaṇayan ghaṭāparādham evānupalabdher avadhārayati |	atra CAD # cintay V Tense=Pres|Mood=Ind|Voice=Pass|Person=3|Number=Sing # na CNG # tAvat CX # Dvani NC Case=Nom|Number=1|Gender=Masc # iti CQT # eva CEM # SravaNa NC Case=Nom|Number=1|Gender=Neut # vaDira NC Case=Gen|Number=1|Gender=Masc # api CX # prasaFga NC Case=Abl|Number=1|Gender=Masc # tasmAt CX # indriya NC Case=Cpd # pAwava NC Case=Cpd # sahakRta JJ Case=Gen|Number=1|Gender=Masc # eva CEM # Sabda NC Case=Gen|Number=1|Gender=Masc # SravaNa NC Case=Cpd # jQAna NC Case=Cpd # janaka JJ Case=Cpd # tva NC Case=Nom|Number=1|Gender=Neut #tad PRD Case=Nom|Number=1|Gender=Neut # ca CCD # SravaNa NC Case=Cpd # pAwava NC Case=Nom|Number=1|Gender=Neut # eka PPX Case=Cpd # jQAna NC Case=Cpd # saMsargin JJ Case=Cpd # viraha NC Case=Loc|Number=1|Gender=Masc # duravaDAra JJ Case=Nom|Number=1|Gender=Neut # atas CX # eva CEM # pradeSa NC Case=Cpd # pratyakza NC Case=Cpd # apekzA NC Case=Ins|Number=1|Gender=Fem # Gawa NC Case=Cpd # nizeDa JJ Case=Nom|Number=1|Gender=Masc # tatas CX # hi CX # indriya NC Case=Cpd # guNa NC Case=Nom|Number=1|Gender=Neut #gaNay KDP Case=Nom|Number=1|Gender=Masc|Tense=Pres|VerbForm=Part # Gawa NC Case=Cpd # aparADa NC Case=Acc|Number=1|Gender=Masc # eva CEM # anupalabDi NC Case=Abl|Number=1|Gender=Fem # avaDAray V Tense=Pres|Mood=Ind|Person=3|Number=Sing #
/home/basti/code/dvarapandita/data/jna050_ssa:6	[191,16] na ca manaskāravat svasaṃvedanasiddhir indriyasya jaṭatvāt | nāpīndriyāntaragamyatvam | atīndriyatvāt | kāryaṃ punar upalabdhir evāsya | tatsiddhau ca kāryānupalabdher (6'a3) evāsiddhiḥ | asiddhau siddham anaikāntikatvam | na hi viṣaye saty apīndriyadoṣāt saṃbhāvyamāno 'nupalambhas tadabhāvaniyato nāma |	na CNG # ca CCD # manaskAra NC Case=Cpd # vat CX # sva JJ Case=Cpd # saMvedana NC Case=Cpd # sidDi NC Case=Nom|Number=1|Gender=Fem # indriya NC Case=Gen|Number=1|Gender=Neut # jawA NC Case=Cpd # tva NC Case=Abl|Number=1|Gender=Neut # na CNG # api CX # indriya NC Case=Cpd # antara JJ Case=Cpd # gam KDG Case=Cpd|VerbForm=Ger # tva NC Case=Nom|Number=1|Gender=Neut # atIndriya JJ Case=Cpd # tva NC Case=Abl|Number=1|Gender=Neut # kArya NC Case=Nom|Number=1|Gender=Neut # punar CAD # upalabDi NC Case=Nom|Number=1|Gender=Fem #eva CEM # idam PRD Case=Gen|Number=1|Gender=Masc # tad PRD Case=Cpd # sidDi NC Case=Loc|Number=1|Gender=Fem # ca CCD # kArya NC Case=Cpd # anupalabDi NC Case=Gen|Number=1|Gender=Fem # eva CEM # asidDi NC Case=Nom|Number=1|Gender=Fem # asidDi NC Case=Loc|Number=1|Gender=Fem # siD PPP Case=Nom|Number=1|Gender=Neut|VerbForm=PPP # anEkAntika JJ Case=Cpd # tva NC Case=Nom|Number=1|Gender=Neut # na CNG # hi CX # vizaya NC Case=Loc|Number=1|Gender=Masc # as KDP Case=Loc|Number=1|Gender=Masc|Tense=Pres|VerbForm=Part # api CX # indriya NC Case=Cpd # doza NC Case=Abl|Number=1|Gender=Masc # samBAvayna CNG # upalamBa NC Case=Nom|Number=1|Gender=Masc # tad PRD Case=Cpd # aBAva NC Case=Cpd # niyam PPP Case=Nom|Number=1|Gender=Masc|VerbForm=PPP # nAma CX #
/home/basti/code/dvarapandita/data/jna050_ssa:7	[191,21] nābhāva eva śabdasya tajjñānajananayogyas tu nāstīti brūma iti cet |	na CNG # aBAva NC Case=Nom|Number=1|Gender=Masc # eva CEM # Sabda NC Case=Gen|Number=1|Gender=Masc # tad PRD Case=Cpd # jQAna NC Case=Cpd # janana NC Case=Cpd # yogya JJ Case=Nom|Number=1|Gender=Masc # tu CCD # na CNG # as V Tense=Pres|Mood=Ind|Person=3|Number=Sing # iti CQT # brU V Tense=Pres|Mood=Ind|Person=1|Number=Plur # iti CQT # ced CX #
/home/basti/code/dvarapandita/data/jna050_ssa:8	seyaṃ kuvaidyavṛttir āyātā | prathamaṃ prāgalbhyagarbham abhimatapratikaraṇam abhyupagamyopāyabuddhyopanyastasyānupāyasya pareṇa (6'a4] tattvapratipādane kṛte paścād asādhyatvaghoṣaṇāt | sarvathā 'bhāva eva hi jijñāsite kāryānupalabdhir iyaṃ sādhanam uktā | na tu jñānajananayogyatāvirahajijñāsāyām | tad yadi pramāṇabhraṃśa eva kathañcij jñātaḥ | prameyabhraṃśas tu kimaṅgāṅgīkriyate |	tad PRD Case=Nom|Number=1|Gender=Fem # idam PRD Case=Nom|Number=1|Gender=Fem # kuvEdya NC Case=Cpd # vRtti NC Case=Nom|Number=1|Gender=Fem # AyA PPP Case=Nom|Number=1|Gender=Fem|VerbForm=PPP # praTamam CX # prAgalBya NC Case=Cpd # garBa NC Case=Acc|Number=1|Gender=Masc # aBiman PPP Case=Cpd|VerbForm=PPP # pratikaraNa NC Case=Acc|Number=1|Gender=Masc # aByupagam CGDA VerbForm=Abs # upAya NC Case=Cpd # budDi NC Case=Cpd # upanyas PPP Case=Gen|Number=1|Gender=Masc|VerbForm=PPP # anupAya NC Case=Gen|Number=1|Gender=Masc # para PPX Case=Ins|Number=1|Gender=Masc #tattva NC Case=Cpd # pratipAdana NC Case=Loc|Number=1|Gender=Neut # kR PPP Case=Loc|Number=1|Gender=Neut|VerbForm=PPP # paScAt CAD # asADya JJ Case=Cpd # tva NC Case=Cpd # GozaNa NC Case=Abl|Number=1|Gender=Neut # sarvaTA CX # BAva NC Case=Nom|Number=1|Gender=Masc # eva CEM # hi CX # jijQAsita JJ Case=Loc|Number=1|Gender=Neut # kArya NC Case=Cpd # anupalabDi NC Case=Nom|Number=1|Gender=Fem # idam PRD Case=Nom|Number=1|Gender=Fem # sADana NC Case=Nom|Number=1|Gender=Neut # vac PPP Case=Nom|Number=1|Gender=Fem|VerbForm=PPP # na CNG # tu CCD # jQAna NC Case=Cpd # janana NC Case=Cpd # yogyatA NC Casetad PRD Case=Nom|Number=1|Gender=Neut # yadi CSB # pramANa NC Case=Cpd # BraMSa NC Case=Nom|Number=1|Gender=Masc # eva CEM # kaTaMcid CX # jQA PPP Case=Nom|Number=1|Gender=Masc|VerbForm=PPP # prameya NC Case=Cpd # BraMSa NC Case=Nom|Number=1|Gender=Masc # tu CCD # kimaFga NC Case=Cpd # aFgIkR V Tense=Pres|Mood=Ind|Voice=Pass|Person=3|Number=Sing #
/home/basti/code/dvarapandita/data/jna050_ssa:9	[192,1] varaṃ ca pramāṇāntaram eva mṛgyatām asādhyataiva tu kasmād avaghuṣyate | na hi śakyam avadhirasyāśṛṇvataḥ (6'a5) sannihitabherīravādyabhāvaḥ pratikṣeptum | vadhirāvadhirayor aviśeṣaprasaṅgāt |	vara JJ Case=Nom|Number=1|Gender=Neut # ca CCD # pramANa NC Case=Cpd # antara JJ Case=Nom|Number=1|Gender=Neut # eva CEM # mRgay V Tense=Pres|Mood=Imp|Voice=Pass|Person=3|Number=Sing # asADya JJ Case=Cpd # tA NC Case=Nom|Number=1|Gender=Fem # eva CEM # tu CCD # kasmAt CX # avaGuz V Tense=Pres|Mood=Ind|Voice=Pass|Person=3|Number=Sing # na CNG # hi CX # Sakya JJ Case=Nom|Number=1|Gender=Neut # avaDira JJ Case=Gen|Number=1|Gender=Neut # Sru KDP Case=Gen|Number=1|Gender=Neut|Tense=Pres|VerbForm=Part # saMniDA PPP Case=Cpd|VerbForm=PPP # BerI NC Case=Cpd # vAdya NC Case=Cpdpratikzip CGDI VerbForm=Inf # vaDira NC Case=Cpd # avaDi NC Case=Nom|Number=1|Gender=Masc # aviSeza NC Case=Cpd # prasaFga NC Case=Abl|Number=1|Gender=Masc #
/home/basti/code/dvarapandita/data/jna050_ssa:10	sati śrutikṛto 'sti viśeṣaḥ prāk paścād iti cet | naivam | yadi hi prāgavasthātaḥ śravaṇaśaktyānirviśeṣaḥ eṣaḥ | katham aśrutiḥ sati śabde | anyathā prāg api na syāt | atha visadṛśāvastho 'pi saṃbhāvyate | śrutāv api na śraddhātavyam asya viplavasya (6'a6] saṃbhāvyamānatvāt | tatrāśravaṇam abhūtaśravaṇaṃ veti na viśeṣaḥ |	as KDP Case=Loc|Number=1|Gender=Neut|Tense=Pres|VerbForm=Part # Sruti NC Case=Cpd # kR PPP Case=Nom|Number=1|Gender=Masc|VerbForm=PPP # as V Tense=Pres|Mood=Ind|Person=3|Number=Sing # viSeza NC Case=Nom|Number=1|Gender=Masc # prAk CX # paScAt CAD # iti CQT # ced CX # na CNG # evam CX # yadi CSB # hi CX # prAQc JJ Case=Cpd # avasTA NC Case=Abl|Number=1|Gender=Fem # SravaNa NC Case=Cpd # Sakti NC Case=Cpd # aviSeza NC Case=Nom|Number=1|Gender=Masc # etad PRD Case=Nom|Number=1|Gender=Masc # kaTam CX # aSruti NC Case=Nom|Number=1|Gender=Fem #as KDP Case=Loc|Number=1|Gender=Masc|Tense=Pres|VerbForm=Part # Sabda NC Case=Loc|Number=1|Gender=Masc # anyaTA CX # prAk CX # api CX # na CNG # as V Tense=Pres|Mood=Opt|Person=3|Number=Sing # aTa CAD # visadRSa JJ Case=Cpd # avasTA NC Case=Nom|Number=1|Gender=Masc # api CX # samBAvay V Tense=Pres|Mood=Ind|Voice=Pass|Person=3|Number=Sing # Sruti NC Case=Loc|Number=1|Gender=Fem # api CX # na CNG # SradDA KDG Case=Nom|Number=1|Gender=Neut|VerbForm=Ger # idam PRD Case=Gen|Number=1|Gender=Masc # viplava NC Case=Gen|Number=1|Gender=Masc # samBAvay KDP Case=Cpd|Tense=Pres|Votatra CAD # aSravaNa NC Case=Nom|Number=1|Gender=Neut # aBUtaSravaNa NC Case=Nom|Number=1|Gender=Neut # vA CCD # iti CQT # na CNG # viSeza NC Case=Nom|Number=1|Gender=Masc #
/home/basti/code/dvarapandita/data/jna050_ssa:11	ante kutaḥ śaktiviparyaya iti cet | madhye kutas tadabhāva iti samānam | tasmād apakṣa evāyaṃ sann api śabdas tadā na śruta iti | kevalaṃ kim atra pramāṇam astv iti cintāyāṃ kāryānupalabdhir anaikāntikīty uktam eva | śravaṇapāṭavasya duravadhāratvād iti |	anta NC Case=Loc|Number=1|Gender=Masc # kutas CX # Sakti NC Case=Cpd # viparyaya NC Case=Nom|Number=1|Gender=Masc # iti CQT # ced CX # maDya NC Case=Loc|Number=1|Gender=Neut # kutas CX # tad PRD Case=Cpd # aBAva NC Case=Nom|Number=1|Gender=Masc # iti CQT # samAna JJ Case=Nom|Number=1|Gender=Neut # tasmAt CX # apakza JJ Case=Nom|Number=1|Gender=Masc # eva CEM # idam PRD Case=Nom|Number=1|Gender=Masc # as KDP Case=Nom|Number=1|Gender=Masc|Tense=Pres|VerbForm=Part # api CX # Sabda NC Case=Nom|Number=1|Gender=Masc # tadA CAD # na CNG # Sru PPP Case=Nom|Number=1|Gender=Masc|VerbForm=PPP # iti CQT #kevala JJ Case=Nom|Number=1|Gender=Neut # ka PRQ Case=Nom|Number=1|Gender=Neut # atra CAD # pramANa NC Case=Nom|Number=1|Gender=Neut # as V Tense=Pres|Mood=Imp|Person=3|Number=Sing # iti CQT # cintA NC Case=Loc|Number=1|Gender=Fem # kArya NC Case=Cpd # anupalabDi NC Case=Nom|Number=1|Gender=Fem # anEkAntika JJ Case=Nom|Number=1|Gender=Fem # iti CQT # vac PPP Case=Nom|Number=1|Gender=Neut|VerbForm=PPP # eva CEM # SravaNa NC Case=Cpd # pAwava NC Case=Gen|Number=1|Gender=Neut # duravaDAra JJ Case=Cpd # tva NC Case=Abl|Number=1|Gender=Neut # iti CQT #
/home/basti/code/dvarapandita/data/jna050_ssa:12	[192,11] nanu katham etad duravadhāraṇaṃ dṛṣṭaśravaṇapāṭavasmaraṇabalavataḥ (6'a7) śrotuṃ pravṛttasya | kṣaṇikatve 'pi hi visadṛśasahakāripratyayāntaravirahe visadṛśadaśāsaṃbhavābhāvāt | indriyavikārakāriṇo hi pratyayā dhātukṣobhaprahārādayo nirṇītaśaktayaḥ svasantāne santānavyākulībhāvahetavaḥ sūpalakṣā eva | anupalakṣitās tu svaprabhavabhedaśaṅkā katham iva kṣamante | sūkṣmaṃ tu prabhāvavato 'dhiṣṭhānādivikārakāraṇaṃ (6'b1) śaṅkamānasya śravaṇe 'pi ka āśvāsaḥ | tasmād anupalakṣyakāraṇārabdhadiṇmohalakṣaṇendriyabhrāntidarśane 'pi prasiddhakāraṇānupalakṣaṇān nendriyāṇām atādavasthyavyavasthā yathā anyathā tatpratyayānāṃ bhramatvaprasaṅgāt tathādyāpi kiṃ na gaṇyate mābhūt sarvasaṃvṛttivilopaḥ |	nanu CX # kaTam CX # etad PRD Case=Nom|Number=1|Gender=Neut # duravaDAraNa JJ Case=Nom|Number=1|Gender=Neut # dRS PPP Case=Cpd|VerbForm=PPP # SravaNa NC Case=Cpd # pAwava NC Case=Cpd # smaraNa NC Case=Cpd # balavat JJ Case=Gen|Number=1|Gender=Masc # Sru CGDI VerbForm=Inf # pravRt PPP Case=Gen|Number=1|Gender=Masc|VerbForm=PPP # kzaNika JJ Case=Cpd # tva NC Case=Loc|Number=1|Gender=Neut # api CX # hi CX # visadRSa JJ Case=Cpd # sahakArin JJ Case=Cpd # pratyaya NC Case=Cpd # antara JJ Case=Cpd # viraha NC Case=Loc|Number=1|Gender=Masc #visadRSa JJ Case=Cpd # daSA NC Case=Cpd # samBava NC Case=Cpd # aBAva NC Case=Abl|Number=1|Gender=Masc # indriya NC Case=Cpd # vikAra NC Case=Cpd # kArin JJ Case=Nom|Number=3|Gender=Masc # hi CX # pratyaya NC Case=Nom|Number=3|Gender=Masc # DAtu NC Case=Cpd # kzoBa NC Case=Cpd # prahAra NC Case=Cpd # Adi NC Case=Nom|Number=3|Gender=Masc # nirNI PPP Case=Cpd|VerbForm=PPP # Sakti NC Case=Nom|Number=3|Gender=Masc # sva JJ Case=Cpd # sattAna NC Case=Loc|Number=1|Gender=Masc # saMtApa NC Case=Cpd # anavyAkulIBAva NC Case=Cpd # hetu NC Case=Nom|Number=3|Gender=Masc #sUpa NC Case=Cpd # lakza NC Case=Nom|Number=3|Gender=Masc # eva CEM # anupalakzita JJ Case=Nom|Number=3|Gender=Masc # tu CCD # sva JJ Case=Cpd # praBava NC Case=Cpd # Beda NC Case=Cpd # SaFkA NC Case=Nom|Number=1|Gender=Fem # kaTam CX # iva CCM # kzam V Tense=Pres|Mood=Ind|Person=3|Number=Plur # sUkzma JJ Case=Acc|Number=1|Gender=Neut # tu CCD # praBAvavat JJ Case=Gen|Number=1|Gender=Masc # aDizWAna NC Case=Cpd # Adi NC Case=Cpd # vikAra NC Case=Cpd # kAraNa NC Case=Acc|Number=1|Gender=Neut # SaFk KDP Case=Gen|Number=1|Gender=Masc|Tense=Pres|VerbForm=Part #SravaNa NC Case=Loc|Number=1|Gender=Neut # api CX # ka PRQ Case=Nom|Number=1|Gender=Masc # ASvAsa NC Case=Nom|Number=1|Gender=Masc # tad PRD Case=Abl|Number=1|Gender=Neut # anupalakzya JJ Case=Cpd # kAraNa NC Case=Cpd # AraB PPP Case=Cpd|VerbForm=PPP # diNmoha NC Case=Cpd # lakzaNa NC Case=Cpd # indriya NC Case=Cpd # BrAnti NC Case=Cpd # darSana NC Case=Loc|Number=1|Gender=Neut # api CX # prasiD PPP Case=Cpd|VerbForm=PPP # kAraNa NC Case=Cpd # anupalakzaNa JJ Case=Abl|Number=1|Gender=Neut # na CNG # indriya NC Case=Gen|Number=3|Gender=Neut #a CNG # tad PRD Case=Cpd # avasTA NC Case=Nom|Number=1|Gender=Fem # yaTA CCM # anyaTA CX # tad PRD Case=Cpd # pratyaya NC Case=Gen|Number=3|Gender=Masc # Brama NC Case=Cpd # tva NC Case=Cpd # prasaFga NC Case=Abl|Number=1|Gender=Masc # taTA CX # adya CX # api CX # ka PRQ Case=Nom|Number=1|Gender=Neut # na CNG # gaNay V Tense=Pres|Mood=Ind|Voice=Pass|Person=3|Number=Sing # mA CNG # BU V Tense=Aor|Mood=Inj|Person=3|Number=Sing # sarva JQ Case=Cpd # saMvRtti NC Case=Cpd # vilopa NC Case=Nom|Number=1|Gender=Masc #
/home/basti/code/dvarapandita/data/jna050_ssa:13	[192,19] abhyāsadaśāsattisamāśrayas tu samānaḥ | na hi vadhiravarasyābhiropārūḍhaśravaṇabalasyāpy aśravaṇe (6'b2) 'bhāvaniścayaṃ brūmaḥ balaniścayasyaivābhāvāt | tadvad anyasyāpy akalitabalasya | atyantābhyāse hi sakalarajanīsuptaprabuddhānām adarśane 'pi tadavasthāsaṃvedinām aviparītavyavahāravṛttidarśanāt kaḥ prastāvo jāgrataḥ svātmany anyathātvaśaṅkāyāḥ |	aByAsa NC Case=Cpd # daSA NC Case=Cpd # satti NC Case=Cpd # samASraya NC Case=Nom|Number=1|Gender=Masc # tu CCD # samAna NC Case=Nom|Number=1|Gender=Masc # na CNG # hi CX # vaDira NC Case=Cpd # vara JJ Case=Gen|Number=1|Gender=Masc # aBiruh PPP Case=Cpd|VerbForm=PPP # SravaNa NC Case=Cpd # bala NC Case=Gen|Number=1|Gender=Masc # api CX # aSravaNa NC Case=Loc|Number=1|Gender=Neut # BAva NC Case=Cpd # niScaya NC Case=Acc|Number=1|Gender=Masc # brU V Tense=Pres|Mood=Ind|Person=1|Number=Plur # bala NC Case=Cpd # niScaya NC Case=Gen|Number=1|Gender=Masc # eva CEM # aBAva NC Case=Abl|Number=1|Gender=Masctadvat CX # anya PPX Case=Gen|Number=1|Gender=Masc # api CX # akalita JJ Case=Cpd # bala NC Case=Gen|Number=1|Gender=Masc # atyanta JJ Case=Cpd # aByAsa NC Case=Loc|Number=1|Gender=Masc # hi CX # sakala JJ Case=Cpd # rajanI NC Case=Cpd # svap PPP Case=Cpd|VerbForm=PPP # prabuD PPP Case=Gen|Number=3|Gender=Masc|VerbForm=PPP # adarSana NC Case=Loc|Number=1|Gender=Neut # api CX # tad PRD Case=Cpd # avasTA NC Case=Cpd # saMvedin JJ Case=Gen|Number=3|Gender=Masc # aviparIta JJ Case=Cpd # vyavahAra NC Case=Cpd # vRtti NC Case=Cpd # darSana NC Case=Abl|Number=1|Gender=Neut #ka PRQ Case=Nom|Number=1|Gender=Masc # prastAva NC Case=Nom|Number=1|Gender=Masc # jAgrant NC Case=Gen|Number=1|Gender=Masc # sva JJ Case=Cpd # Atman NC Case=Loc|Number=1|Gender=Masc # anyaTAtva NC Case=Cpd # SaFkA NC Case=Gen|Number=1|Gender=Fem #
/home/basti/code/dvarapandita/data/jna050_ssa:14	tasmād atādavasthasya tadvyavasthāyā vā niṣedhaḥ prasiddhakāraṇābhāvāt tadupalakṣaṇābhāvād vā |	tad PRD Case=Abl|Number=1|Gender=Neut # a CNG # tad PRD Case=Cpd # avasTA NC Case=Gen|Number=1|Gender=Masc # tad PRD Case=Cpd # vyavasTA NC Case=Gen|Number=1|Gender=Fem # vA CCD # nizeDa NC Case=Nom|Number=1|Gender=Masc # prasiD PPP Case=Cpd|VerbForm=PPP # kAraNa NC Case=Cpd # aBAva NC Case=Abl|Number=1|Gender=Masc # tad PRD Case=Cpd # upalakzaNa NC Case=Cpd # aBAva NC Case=Abl|Number=1|Gender=Masc # vA CCD #
/home/basti/code/dvarapandita/data/jna050_ssa:15	yadi (6'b3) darśanaśravaṇādāv abhyāsadaśāpekṣayādhyakṣatvanibandhanaṃ tādavasthyam icchatā saṃvṛtivyavasthite nendriyatādavasthyaṃ sāmagrīpratibuddhabuddhitādavasthyaṃ vā sādhāraṇaśaktyapekṣayā svasaṃvedanam eva vā śaraṇam āsthīyate | tad evāśravaṇadaśāyām apīti katham anekāntaḥ śabdābhāve |	yadi CSB # darSana NC Case=Cpd # SravaNa NC Case=Cpd # Adi NC Case=Loc|Number=1|Gender=Masc # aByAsa NC Case=Cpd # daSA NC Case=Cpd # apekzA NC Case=Ins|Number=1|Gender=Fem # aDyakza NC Case=Cpd # tva NC Case=Cpd # nibanDana NC Case=Acc|Number=1|Gender=Neut # tAdavasTya NC Case=Acc|Number=1|Gender=Neut # iz KDP Case=Ins|Number=1|Gender=Masc|Tense=Pres|VerbForm=Part # saMvRD PPP Case=Cpd|VerbForm=PPP # vyavasTA PPP Case=Loc|Number=1|Gender=Masc|VerbForm=PPP # na CNG # indriya NC Case=Cpd # tAdavasTya NC Case=Nom|Number=1|Gender=Neut # sAmagrI NC Case=Cpd # pratibuD PPP Case=Cpd|VvA CCD # sADAraNa JJ Case=Cpd # Sakti NC Case=Cpd # apekzA NC Case=Ins|Number=1|Gender=Fem # sva JJ Case=Cpd # saMvedana NC Case=Nom|Number=1|Gender=Neut # eva CEM # vA CCD # SaraNa NC Case=Nom|Number=1|Gender=Neut # AsTA V Tense=Pres|Mood=Ind|Voice=Pass|Person=3|Number=Sing # tad PRD Case=Nom|Number=1|Gender=Neut # eva CEM # aSravaNa NC Case=Cpd # daSA NC Case=Loc|Number=1|Gender=Fem # api CX # iti CQT # kaTam CX # anekAnta JJ Case=Nom|Number=1|Gender=Masc # Sabda NC Case=Cpd # aBAva NC Case=Loc|Number=1|Gender=Masc #
/home/basti/code/dvarapandita/data/jna050_ssa:16	nanu jñānātmany eva svasaṃvedanam (6'b4) iti cet | na |	nanu CX # jQAna NC Case=Cpd # Atman NC Case=Loc|Number=1|Gender=Masc # eva CEM # sva JJ Case=Cpd # saMvedana NC Case=Nom|Number=1|Gender=Neut # iti CQT # ced CX # na CNG #
/home/basti/code/dvarapandita/data/jna050_ssa:17	 [193] 	ekādhimokṣaviṣayeṣv ekakāryopayogiṣu |	eka PPX Case=Cpd # aDimokza NC Case=Cpd # vizaya NC Case=Loc|Number=3|Gender=Masc # eka PPX Case=Cpd # kArya NC Case=Cpd # upayogin JJ Case=Loc|Number=3|Gender=Masc #
/home/basti/code/dvarapandita/data/jna050_ssa:18	ekadhīḥ sarvaviṣayā sthitā nirbhāgavartiṣu ||	ekaDi NC Case=Nom|Number=1|Gender=Fem # sarva JQ Case=Cpd # vizaya NC Case=Nom|Number=1|Gender=Fem # sTA PPP Case=Nom|Number=1|Gender=Fem|VerbForm=PPP # nirBAga NC Case=Cpd # vartin JJ Case=Loc|Number=3|Gender=Masc #
/home/basti/code/dvarapandita/data/jna050_ssa:19	 pañcaskandheṣv apy aham ity eko 'dhimokṣaḥ | bhāṣaṇādāv ekasminn arthe parasparopādeye copayogaḥ | ghaṭādisaṃjñake tu rūparasādau prasiddho 'yaṃ nyāyaḥ | anyathā vyavahārāyogāt |	paQcan NUM Case=Cpd # skanDa NC Case=Loc|Number=3|Gender=Masc # api CX # mad PPR Case=Nom|Number=1|Gender= # iti CQT # eka PPX Case=Nom|Number=1|Gender=Masc # Dimokza NC Case=Nom|Number=1|Gender=Masc # BAzaNa NC Case=Cpd # Adi NC Case=Loc|Number=1|Gender=Masc # eka PPX Case=Loc|Number=1|Gender=Masc # arTa NC Case=Loc|Number=1|Gender=Masc # paraspara PRC Case=Cpd # upAdA KDG Case=Loc|Number=1|Gender=Masc|VerbForm=Ger # ca CCD # upayoga NC Case=Nom|Number=1|Gender=Masc # Gawa NC Case=Cpd # Adi NC Case=Cpd # saMjQaka JJ Case=Loc|Number=1|Gender=Masc # tu CCD # rUpa NC Case=Cpd # rasa NC Case=CpdprasiD PPP Case=Nom|Number=1|Gender=Masc|VerbForm=PPP # yad PRL Case=Acc|Number=1|Gender=Masc # nyAya NC Case=Nom|Number=1|Gender=Masc # anyaTA CX # vyavahAra NC Case=Cpd # ayoga NC Case=Abl|Number=1|Gender=Masc #
/home/basti/code/dvarapandita/data/jna050_ssa:20	[193,5] nanu na (6'b5) śarīrapratyakṣaṃ buddhim anveti | evam etat prātisvikarūpāpekṣayā rūparasādivad eva | sāmānyena tu gṛhītvaikadhīviṣayatvam ucyate yāvan na nirbandho vivecane | vivecane tu pṛthakpramāṇam uktam | tena pratyakṣaś caitro na ca buddhir adhyakṣeti dvitayam aviruddham | ata eva tadavastho 'ham iti vikalpo 'pi (6'b6) saṃvedanānusārī sarvaviṣaya eva |	nanu CX # na CNG # SarIra NC Case=Cpd # pratyakza NC Case=Nom|Number=1|Gender=Neut # budDi NC Case=Acc|Number=1|Gender=Fem # anvi V Tense=Pres|Mood=Ind|Person=3|Number=Sing # evam CX # etad PRD Case=Nom|Number=1|Gender=Neut # prAtisvika JJ Case=Cpd # rUpa NC Case=Cpd # apekzA NC Case=Ins|Number=1|Gender=Fem # rUpa NC Case=Cpd # rasa NC Case=Cpd # Adi NC Case=Nom|Number=1|Gender=Neut # eva CEM # sAmAnya NC Case=Ins|Number=1|Gender=Neut # tu CCD # grah CGDA VerbForm=Abs # eka PPX Case=Cpd # DI NC Case=Cpd # vizaya NC Case=Cpd # tva NC Case=Nom|Number=1|Gender=Neut #vac V Tense=Pres|Mood=Ind|Voice=Pass|Person=3|Number=Sing # yAvat CX # na CNG # nirbanDa NC Case=Nom|Number=1|Gender=Masc # vivecana NC Case=Loc|Number=1|Gender=Neut # vivecana NC Case=Loc|Number=1|Gender=Neut # tu CCD # pRTak CX # pramANa NC Case=Nom|Number=1|Gender=Neut # vac PPP Case=Nom|Number=1|Gender=Neut|VerbForm=PPP # tad PRD Case=Ins|Number=1|Gender=Neut # pratyakza JJ Case=Nom|Number=1|Gender=Masc # cEtra NC Case=Nom|Number=1|Gender=Masc # na CNG # ca CCD # budDi NC Case=Nom|Number=1|Gender=Fem # aDyakza NC Case=Cpd # iti CQT # dvitaya NC Case=Nom|Number=1|Gender=Neut #avirudDa JJ Case=Nom|Number=1|Gender=Neut # atas CX # eva CEM # tad PRD Case=Cpd # avasTA NC Case=Nom|Number=1|Gender=Masc # mad PPR Case=Nom|Number=1|Gender= # iti CQT # vikalpa NC Case=Nom|Number=1|Gender=Masc # api CX # saMvedana NC Case=Cpd # anusArin JJ Case=Nom|Number=1|Gender=Masc # sarva JQ Case=Cpd # vizaya NC Case=Nom|Number=1|Gender=Masc # eva CEM #
/home/basti/code/dvarapandita/data/jna050_ssa:21	[193,9] bhrāntir iyam iti cet | na | bādhakābhāvād bhrāntyasiddheḥ | tasmāt pūrvapratītaśrotraśaktes tadavasthāniścayasaṃbhavād aśrutiḥ śabdasyaivāparādhād iti jñānābhāvenāpi tadabhāvasiddhir aikāntikīti na prakṛtavyāghātaḥ | iyaty eva tarhi svabhāvānupalabdher (6'b7) lakṣaṇasāmagrīti kāryānupalabdhisaṃjñākaraṇe ko 'rthaḥ | pratyayāntarasākalyaṃ svabhāvaviśeṣaṃ cāpannasyaiva śabdasyānupalabdhyā niṣedhāt | tathāpy anyasaṃjñāyāṃ ghaṭaniṣedhe 'pi ko niṣeddhā kevalaṃ ghaṭavat śabdasyāpi dṛśyānupalabdhyāpi niṣedhaḥ sādhyo jāta ity ucyate | tatraikajñānasaṃsargisaṃbhavād yuktaḥ tayā niṣedha iti cet |	BrAnti NC Case=Nom|Number=1|Gender=Fem # idam PRD Case=Nom|Number=1|Gender=Fem # iti CQT # ced CX # na CNG # bADaka JJ Case=Cpd # aBAva NC Case=Abl|Number=1|Gender=Masc # BrAnti NC Case=Cpd # asidDi NC Case=Abl|Number=1|Gender=Fem # tasmAt CX # pUrva PPX Case=Cpd # pratI PPP Case=Cpd|VerbForm=PPP # Srotra NC Case=Cpd # Sakti NC Case=Gen|Number=1|Gender=Fem # tad PRD Case=Cpd # avasTA NC Case=Cpd # niScaya NC Case=Cpd # samBava NC Case=Abl|Number=1|Gender=Masc # aSruti NC Case=Nom|Number=1|Gender=Fem # Sabda NC Case=Gen|Number=1|Gender=Masc # eva CEM # aparADa NC Case=Abl|Number=1|Gender=Masc #iti CQT # jQAna NC Case=Cpd # aBAva NC Case=Ins|Number=1|Gender=Masc # api CX # tad PRD Case=Cpd # aBAva NC Case=Cpd # sidDi NC Case=Nom|Number=1|Gender=Fem # EkAntika JJ Case=Nom|Number=1|Gender=Fem # iti CQT # na CNG # prakR KDG Case=Cpd|VerbForm=Ger # AGAta NC Case=Nom|Number=1|Gender=Masc # iyat JJ Case=Nom|Number=1|Gender=Fem # eva CEM # tarhi CX # svaBAva NC Case=Cpd # anupalabDi NC Case=Abl|Number=1|Gender=Fem # lakzaNa NC Case=Cpd # sAmagrI NC Case=Nom|Number=1|Gender=Fem # iti CQT # kArya NC Case=Cpd # anupalabDi NC Case=Cpd # saMjQA NC Case=Cpd # karaNa NC Case=Loc|Number=1|Genderka PRQ Case=Nom|Number=1|Gender=Masc # arTa NC Case=Nom|Number=1|Gender=Masc # pratyaya NC Case=Cpd # anta NC Case=Cpd # rasa NC Case=Cpd # Akalya NC Case=Nom|Number=1|Gender=Neut # svaBAva NC Case=Cpd # viSeza NC Case=Acc|Number=1|Gender=Masc # ca CCD # Apad PPP Case=Gen|Number=1|Gender=Masc|VerbForm=PPP # eva CEM # Sabda NC Case=Gen|Number=1|Gender=Masc # anupalabDi NC Case=Ins|Number=1|Gender=Fem # nizeDa NC Case=Abl|Number=1|Gender=Masc # taTA CX # api CX # anya PPX Case=Cpd # saMjQA NC Case=Loc|Number=1|Gender=Fem # Gawa NC Case=Cpd # nizeDa NC Case=Loc|Number=1|Gender=Masc # api CX #ka PRQ Case=Nom|Number=1|Gender=Masc # niziD PPP Case=Nom|Number=1|Gender=Fem|VerbForm=PPP # kevala JJ Case=Acc|Number=1|Gender=Neut # Gawa NC Case=Cpd # vat CX # Sabda NC Case=Gen|Number=1|Gender=Masc # api CX # dRS KDG Case=Cpd|VerbForm=Ger # anupalabDi NC Case=Ins|Number=1|Gender=Fem # api CX # nizeDa NC Case=Nom|Number=1|Gender=Masc # sADay KDG Case=Nom|Number=1|Gender=Masc|VerbForm=Ger # jan PPP Case=Nom|Number=1|Gender=Masc|VerbForm=PPP # iti CQT # vac V Tense=Pres|Mood=Ind|Voice=Pass|Person=3|Number=Sing # tatra CAD # eka PPX Case=Cpd # jQAna NC Case=Cpd # saMsargin JJ Casetad PRD Case=Ins|Number=1|Gender=Fem # nizeDa NC Case=Nom|Number=1|Gender=Masc # iti CQT # ced CX #
/home/basti/code/dvarapandita/data/jna050_ssa:22	tatraiva (6a3) tāvad ekajñānasaṃsargiṇaḥ kim apekṣayā | rūpadarśane hi rasasya viprakṛṣṭadeśatayā 'nupalabdhilakṣaṇaprāptatvād evāpratiṣedhaḥ prāpyakāritvād ghrāṇarasanasparśanānām | uktena ca krameṇendriyatādavasthyaṃ siddham iti kim ekajñānasaṃsargyapekṣayā | naivam indriyātiriktasyālokasya tatrāpekṣyatvāt | sa hi bahiṛsulabhakāraṇādhīnopajanāpajanadharmako na svātmatādavasthyasādhya (6a4) iti tadartham ekajñānasaṃsargo 'pekṣyamāṇa indriyasādguṇyajñāne 'pi sahāyībhaviṣyati |	tatra CAD # eva CEM # tAvat CX # eka PPX Case=Cpd # jQAna NC Case=Cpd # saMsargin JJ Case=Gen|Number=1|Gender=Masc # ka PRQ Case=Nom|Number=1|Gender=Neut # apekzA NC Case=Ins|Number=1|Gender=Fem # rUpa NC Case=Cpd # darSana NC Case=Loc|Number=1|Gender=Neut # hi CX # rasa NC Case=Gen|Number=1|Gender=Masc # viprakRzwa JJ Case=Cpd # deSa NC Case=Cpd # tA NC Case=Ins|Number=1|Gender=Fem # na CNG # upalabDi NC Case=Cpd # lakzaNa NC Case=Cpd # prAp PPP Case=Cpd|VerbForm=PPP # tva NC Case=Abl|Number=1|Gender=Neut # eva CEM # apratizeDa NC Case=Nom|Number=1|Gender=Masc #prAp CGDA VerbForm=Abs # kArin JJ Case=Cpd # tva NC Case=Abl|Number=1|Gender=Neut # GrANa NC Case=Cpd # rasana NC Case=Cpd # sparSana NC Case=Gen|Number=3|Gender=Neut # vac PPP Case=Ins|Number=1|Gender=Neut|VerbForm=PPP # ca CCD # krameNa CX # indriya NC Case=Cpd # tAdavasTya NC Case=Nom|Number=1|Gender=Neut # siD PPP Case=Nom|Number=1|Gender=Neut|VerbForm=PPP # iti CQT # ka PRQ Case=Nom|Number=1|Gender=Neut # eka PPX Case=Cpd # jQAna NC Case=Cpd # saMsargya NC Case=Cpd # apekzA NC Case=Ins|Number=1|Gender=Fem # na CNG # evam CX #indriya NC Case=Cpd # atiric PPP Case=Gen|Number=1|Gender=Masc|VerbForm=PPP # Aloka NC Case=Gen|Number=1|Gender=Masc # tatra CAD # apekz KDG Case=Cpd|VerbForm=Ger # tva NC Case=Abl|Number=1|Gender=Neut # tad PRD Case=Nom|Number=1|Gender=Masc # hi CX # bahiR NC Case=Cpd # sulaBa JJ Case=Cpd # kAraNa NC Case=Cpd # aDIna JJ Case=Cpd # upajana NC Case=Cpd # apajana NC Case=Cpd # Darmaka JJ Case=Nom|Number=1|Gender=Masc # na CNG # sva JJ Case=Cpd # Atman NC Case=Abl|Number=1|Gender=Masc # avasTA CGDA VerbForm=Abs # sADay KDG Case=Nom|Number=1|Gender=Masc|VerbForm=Ger # iti CQT # tad PRD Case=Cpd # arTa Neka PPX Case=Cpd # jQAna NC Case=Cpd # saMsarga NC Case=Nom|Number=1|Gender=Masc # apekz KDP Case=Nom|Number=1|Gender=Masc|Tense=Pres|Voice=Pass|VerbForm=Part # indriya NC Case=Cpd # sAdguNya NC Case=Cpd # yajQa NC Case=Loc|Number=1|Gender=Masc # api CX # sahAyin NC Case=Nom|Number=1|Gender=Masc # BU V Tense=Fut|Mood=Ind|Person=3|Number=Sing #
/home/basti/code/dvarapandita/data/jna050_ssa:23	evaṃ yatrālokanirapekṣaiva grahaṇaśaktis tatra na kiñcid ekajñānasaṃsargyapekṣayeti siddham | tac ca nāma kvacit sādhane 'pekṣyate yadantareṇa virodhāsiddhisandeheṣv anyatamadoṣāsattiḥ | na ca dvividhopalabdhiyogyatāpannasya kvacid (6a5) anupalabdhyā niṣedhe sā 'sti yena saṃsargī niyatam apekṣyeta | yatrāpy ayam apekṣyate | tatrāpi ālokāpekṣapratipattino vastunaḥ pratiṣedhe viśeṣaṇāsiddhiparihārārtham eva | na caitāvatā sarvatra tadapekṣā | na hi vināśaṃ praty anapekṣā vyāptisādhanī sarvatra kṣaṇabhaṅgasādhane 'pi svabhāvahetāv apekṣyate |	evam CX # yatra CX # Aloka NC Case=Cpd # nirapekza JJ Case=Nom|Number=1|Gender=Fem # eva CEM # grahaNa NC Case=Cpd # Sakti NC Case=Nom|Number=1|Gender=Fem # tatra CAD # na CNG # kaScit PRI Case=Nom|Number=1|Gender=Neut # eka PPX Case=Cpd # jQAna NC Case=Cpd # saMsargya NC Case=Cpd # apekzA NC Case=Ins|Number=1|Gender=Fem # iti CQT # siD PPP Case=Nom|Number=1|Gender=Neut|VerbForm=PPP # tad PRD Case=Nom|Number=1|Gender=Neut # ca CCD # nAman NC Case=Nom|Number=1|Gender=Neut # kvacid CX # sADana NC Case=Loc|Number=1|Gender=Neut # apekz V Tense=Pres|Mood=Ind|Voice=Pass|Person=3|Number=Sing #yad PRL Case=Cpd # antara NC Case=Ins|Number=1|Gender=Neut # viroDa NC Case=Cpd # asidDi NC Case=Cpd # saMdeha NC Case=Loc|Number=3|Gender=Masc # anyatama JJ Case=Cpd # doza NC Case=Cpd # asti NC Case=Nom|Number=1|Gender=Fem # na CNG # ca CCD # dviviDa JJ Case=Cpd # upalabDi NC Case=Cpd # yogyatA NC Case=Cpd # Apad PPP Case=Gen|Number=1|Gender=Masc|VerbForm=PPP # kvacid CX # anupalabDi NC Case=Ins|Number=1|Gender=Fem # nizeDa NC Case=Loc|Number=1|Gender=Masc # tad PRD Case=Nom|Number=1|Gender=Fem # as V Tense=Pres|Mood=Ind|Person=3|Number=Sing #yad PRL Case=Ins|Number=1|Gender=Masc # saMsargin JJ Case=Nom|Number=1|Gender=Masc # niyatam CX # apekz V Tense=Pres|Mood=Opt|Person=3|Number=Sing # yatra CX # api CX # idam PRD Case=Nom|Number=1|Gender=Masc # apekz V Tense=Pres|Mood=Ind|Voice=Pass|Person=3|Number=Sing # tatra CAD # api CX # Aloka NC Case=Cpd # apekzA NC Case=Cpd # pratipatti NC Case=Gen|Number=1|Gender=Fem # vastu NC Case=Gen|Number=1|Gender=Neut # pratizeDa NC Case=Loc|Number=1|Gender=Masc # viSezaNa NC Case=Cpd # asidDi NC Case=Cpd # parihAra NC Case=Cpd # arTa NC Case=Acc|Number=1|Gender=Masc #eva CEM # na CNG # ca CCD # etAvat JJ Case=Ins|Number=1|Gender=Masc # sarvatra CX # tad PRD Case=Cpd # apekzA NC Case=Nom|Number=1|Gender=Fem # na CNG # hi CX # vinASa NC Case=Acc|Number=1|Gender=Masc # prati CADP # anapekza JJ Case=Nom|Number=1|Gender=Fem # vyApti NC Case=Cpd # sADana JJ Case=Nom|Number=1|Gender=Fem # sarvatra CX # kzaNa NC Case=Cpd # BaFga NC Case=Cpd # sADana NC Case=Loc|Number=1|Gender=Neut # api CX # svaBAva NC Case=Cpd # hetu NC Case=Loc|Number=1|Gender=Masc #apekz V Tense=Pres|Mood=Ind|Voice=Pass|Person=3|Number=Sing #
/home/basti/code/dvarapandita/data/jna050_ssa:24	[194,3] yadi cāyam apekṣya eva kimaṅga dṛśyaviśeṣaṇena (6a6) kenacid ekajñānasaṃsargino dṛśyatvāvyabhicārāt | na hi piśācasya kenacid ekajñānasaṃsargaḥ	yadi CSB # ca CCD # idam PRD Case=Nom|Number=1|Gender=Masc # apekz CGDA VerbForm=Abs # eva CEM # kim CX # aFga CEM # dRS KDG Case=Cpd|VerbForm=Ger # viSezaNa NC Case=Ins|Number=1|Gender=Neut # kaScit PRI Case=Ins|Number=1|Gender=Neut # eka PPX Case=Cpd # jQAna NC Case=Cpd # saMsargin JJ Case=Gen|Number=1|Gender=Masc # dRS CGDA VerbForm=Abs # avyaBicAra NC Case=Abl|Number=1|Gender=Masc # na CNG # hi CX # piSAca NC Case=Gen|Number=1|Gender=Masc # kaScit PRI Case=Ins|Number=1|Gender=Neut # eka PPX Case=Cpd # jQAna NC Case=Cpd # saMsarga NC Case=Nom|Number=1|Gender=Masc #
/home/basti/code/dvarapandita/data/jna050_ssa:25	eka evārtha ubhayathāpīti naikaprayoge 'nyaprayojanacarceti cet |	eka PPX Case=Nom|Number=1|Gender=Masc # eva CEM # arTa NC Case=Nom|Number=1|Gender=Masc # uBayaTA CX # api CX # iti CQT # na CNG # eka PPX Case=Cpd # prayoga NC Case=Loc|Number=1|Gender=Masc # niprayojana NC Case=Cpd # carcay V Tense=Pres|Mood=Ind|Person=3|Number=Sing # ced CX #
/home/basti/code/dvarapandita/data/jna050_ssa:26	na sāmānyaviśeṣabhāvena bhedasyāvyaktatvāt | saṃsargo hi na viśeṣaṇaṃ vyabhicarati | viśeṣaṇamātraṃ tu taṃ vyabhicaraty eva | ata eva viśeṣaṇasiddhaye saṃsarga upanīyate na tu viśeṣaṇaṃ saṃsargākṛṣṭaye (6a7) prabhavati śabde 'pi prasaṅgāt | tathā ca pakṣakṣaya iti kaḥ śramasyārthaḥ | tasmād ekajñānasaṃsargo nāma prakṛtodāharaṇāpekṣayaivodghuṣyate | na svabhāvānupalabdhau sarvatrāpekṣyatvena ||	na CNG # sAmAnya NC Case=Cpd # viSeza NC Case=Cpd # BAva NC Case=Ins|Number=1|Gender=Masc # Beda NC Case=Gen|Number=1|Gender=Masc # avyakta JJ Case=Cpd # tva NC Case=Abl|Number=1|Gender=Neut # saMsarga NC Case=Nom|Number=1|Gender=Masc # hi CX # na CNG # viSezaNa NC Case=Acc|Number=1|Gender=Neut # vyaBicar V Tense=Pres|Mood=Ind|Person=3|Number=Sing # viSezaNa NC Case=Cpd # mAtra NC Case=Acc|Number=1|Gender=Neut # tu CCD # tad PRD Case=Acc|Number=1|Gender=Masc # vyaBicar V Tense=Pres|Mood=Ind|Person=3|Number=Sing # eva CEM # atas CX #eva CEM # viSezaNa NC Case=Cpd # sidDi NC Case=Dat|Number=1|Gender=Fem # saMsarga NC Case=Nom|Number=1|Gender=Masc # upanI V Tense=Pres|Mood=Ind|Voice=Pass|Person=3|Number=Sing # na CNG # tu CCD # viSezaNa NC Case=Nom|Number=1|Gender=Neut # saMsarga NC Case=Cpd # AkRzwi NC Case=Dat|Number=1|Gender=Fem # praBU V Tense=Pres|Mood=Ind|Person=3|Number=Sing # Sabda NC Case=Loc|Number=1|Gender=Masc # api CX # prasaFga NC Case=Abl|Number=1|Gender=Masc # taTA CX # ca CCD # pakza NC Case=Cpd # kzaya NC Case=Voc|Number=1|Gender=Masc #iti CQT # ka PRQ Case=Nom|Number=1|Gender=Masc # Srama NC Case=Gen|Number=1|Gender=Masc # arTa NC Case=Nom|Number=1|Gender=Masc # tasmAt CX # eka PPX Case=Cpd # jQAna NC Case=Cpd # saMsarga NC Case=Nom|Number=1|Gender=Masc # nAma CX # prakR PPP Case=Cpd|VerbForm=PPP # udAharaNa NC Case=Cpd # apekzA NC Case=Ins|Number=1|Gender=Fem # eva CEM # udGuz V Tense=Pres|Mood=Ind|Voice=Pass|Person=3|Number=Sing # na CNG # svaBAva NC Case=Cpd # anupalabDi NC Case=Loc|Number=1|Gender=Fem # sarvatra CX # apekz KDG Case=Cpd|VerbForm=Ger # tva NC Case=Ins|Number=1|Gender=Neut #
/home/basti/code/dvarapandita/data/jna050_ssa:27	[194,10] prastute hi kalasapratiṣedhe sā dig astu saviśeṣaṇasiddhyai | nopalabdham upalabhyam itīyallakṣaṇaṃ khalu nijānupalabdheḥ | tathā ca lakṣaṇe prayoge copalabdhilakṣaṇaprāptānupalabdhimātropanyāsaḥ | śāstre viparyayabādhopadarśane ca pratyayāntarasannidhau svabhāvaviśeṣavataḥ sattve 'nupalabdher asaṃbhavaḥ khyāpyate | anyathā prayojakam aṃśaṃ saṃsargam eva sarvatra darśayet viśeṣaṇavat | tādātmyaṃ tu dṛśyatvam abhyupagamyaiva niṣidhyata iti viśeṣaṇasyānuktimātram na punar aprayojakatvaṃ vyāpter iva viduṣi | anvayoktiviśeṣe vā vyatirekasya | tasmāt nyāyanāthasyāpi nāvaśyam ekajñānasaṃsargivyapekṣābhiprāyaḥ svabhāvānupalabdhau |	prastu PPP Case=Loc|Number=1|Gender=Masc|VerbForm=PPP # hi CX # kalasa NC Case=Cpd # pratizeDa NC Case=Loc|Number=1|Gender=Masc # tad PRD Case=Nom|Number=1|Gender=Fem # diS NC Case=Nom|Number=1|Gender=Fem # as V Tense=Pres|Mood=Imp|Person=3|Number=Sing # sa CX # viSezaNa NC Case=Cpd # sidDi NC Case=Dat|Number=1|Gender=Fem # na CNG # upalaB PPP Case=Nom|Number=1|Gender=Neut|VerbForm=PPP # upalaB KDG Case=Nom|Number=1|Gender=Neut|VerbForm=Ger # iti CQT # ilyallakzaNa NC Case=Nom|Number=1|Gender=Neut # Kalu CX # nija JJ Case=Cpd # anupalabDi NC Case=Abl|Number=1|Gender=Fem # taTA CXlakzaNa NC Case=Loc|Number=1|Gender=Neut # prayoga NC Case=Loc|Number=1|Gender=Masc # ca CCD # upalabDi NC Case=Cpd # lakzaNa NC Case=Cpd # prAp PPP Case=Cpd|VerbForm=PPP # anupalabDi NC Case=Cpd # mAtra NC Case=Cpd # upanyAsa NC Case=Nom|Number=1|Gender=Masc # SAstra NC Case=Loc|Number=1|Gender=Neut # viparyaya NC Case=Cpd # bADa NC Case=Cpd # upadarSana NC Case=Loc|Number=1|Gender=Neut # ca CCD # pratyaya NC Case=Cpd # antara JJ Case=Cpd # saMniDi NC Case=Loc|Number=1|Gender=Masc # svaBAva NC Case=Cpd # viSezavat JJ Case=Gen|Number=1|Gender=Masc #sattva NC Case=Loc|Number=1|Gender=Neut # na CNG # upalabDi NC Case=Abl|Number=1|Gender=Fem # asaMBava NC Case=Nom|Number=1|Gender=Masc # KyApay V Tense=Pres|Mood=Ind|Voice=Pass|Person=3|Number=Sing # anyaTA CX # prayojaka JJ Case=Acc|Number=1|Gender=Masc # aMSa NC Case=Acc|Number=1|Gender=Masc # saMsarga NC Case=Acc|Number=1|Gender=Masc # eva CEM # sarvatra CX # darSay V Tense=Pres|Mood=Opt|Person=3|Number=Sing # viSezaNa NC Case=Cpd # vat CX # tAdAtmya NC Case=Acc|Number=1|Gender=Neut # tu CCD # dRS KDG Case=Cpd|VerbForm=Ger # tva NC Case=Acc|Number=1|Gender=Neut #aByupagam CGDA VerbForm=Abs # eva CEM # niziD V Tense=Pres|Mood=Ind|Person=3|Number=Sing # iti CQT # viSezaNa NC Case=Gen|Number=1|Gender=Neut # anukti NC Case=Cpd # mAtra NC Case=Nom|Number=1|Gender=Neut # na CNG # punar CAD # aprayojaka JJ Case=Cpd # tva NC Case=Nom|Number=1|Gender=Neut # vyApti NC Case=Gen|Number=1|Gender=Fem # iva CCM # vid V Tense=Pres|Mood=Ind|Person=2|Number=Sing # anvaya NC Case=Cpd # ukti NC Case=Cpd # viSeza NC Case=Loc|Number=1|Gender=Masc # vA CCD # vyatireka NC Case=Gen|Number=1|Gender=Masc #tasmAt CX # nyAyanATa NC Case=Gen|Number=1|Gender=Masc # api CX # na CNG # avaSyam CX # eka PPX Case=Cpd # jQAna NC Case=Cpd # saMsargin JJ Case=Cpd # vyapekza JJ Case=Cpd # aBiprAya NC Case=Nom|Number=1|Gender=Masc # svaBAva NC Case=Cpd # anupalabDi NC Case=Loc|Number=1|Gender=Fem #
/home/basti/code/dvarapandita/data/jna050_ssa:28	[194,17] api caivaṃ kāryānupalabdhāv eva sarvasaṅgraham ācakṣīta svabhāvānupalabdher api tadekadeśatvāt | sarvapramāṇasaṅgrahavyavasthāṃ ca kāryānumāne kuryāt svasaṃvedanād anyatra |	api CX # ca CCD # evam CX # kArya NC Case=Cpd # anupalabDi NC Case=Loc|Number=1|Gender=Fem # eva CEM # sarva JQ Case=Cpd # saMgraha NC Case=Acc|Number=1|Gender=Masc # Acakz V Tense=Pres|Mood=Opt|Person=3|Number=Sing # svaBAva NC Case=Cpd # anupalabDi NC Case=Abl|Number=1|Gender=Fem # api CX # tad PRD Case=Cpd # eka PPX Case=Cpd # deSa NC Case=Cpd # tva NC Case=Abl|Number=1|Gender=Neut # sarva JQ Case=Cpd # pramANa NC Case=Cpd # saMkalpa NC Case=Cpd # vyavasTA NC Case=Acc|Number=1|Gender=Fem #ca CCD # kArya NC Case=Cpd # anumAna NC Case=Loc|Number=1|Gender=Neut # kR V Tense=Pres|Mood=Opt|Person=3|Number=Sing # sva JJ Case=Cpd # saMvedana NC Case=Abl|Number=1|Gender=Neut # anyatra CX #
/home/basti/code/dvarapandita/data/jna050_ssa:29	[194,19] tasmād indriyajñānaviṣaye na kāryānumānavyavasthā yathā tathā tadagṛhīta ity eva kutaḥ kāryānupalabdhivyavasthāpi śāstrakārasya | yathā hi pratyakṣavyavasthāvilopabhayam ekatra tathānyatra svabhāvānupalambhasya | yathā vā 'pratyakṣe kāryaṃ liṅgam tathā 'pratyakṣayogya eva tadanupalabdhir iti samānam |	tasmAt CX # indriya NC Case=Cpd # jQAna NC Case=Cpd # vizaya NC Case=Loc|Number=1|Gender=Masc # na CNG # kArya NC Case=Cpd # anumAna NC Case=Cpd # vyavasTA NC Case=Nom|Number=1|Gender=Fem # yaTA CCM # taTA CX # tad PRD Case=Cpd # agRhIta JJ Case=Nom|Number=1|Gender=Masc # iti CQT # eva CEM # kutas CX # kArya NC Case=Cpd # anupalabDi NC Case=Cpd # vyavasTA NC Case=Nom|Number=1|Gender=Fem # api CX # SAstra NC Case=Cpd # kAra JJ Case=Gen|Number=1|Gender=Masc #yaTA CCM # hi CX # pratyakza NC Case=Cpd # vyavasTA NC Case=Cpd # vilopa NC Case=Cpd # Baya NC Case=Nom|Number=1|Gender=Neut # ekatra CX # taTA CX # anyatra CX # svaBAva NC Case=Cpd # anupalamBa NC Case=Gen|Number=1|Gender=Masc # yaTA CCM # vA CCD # pratyakza JJ Case=Loc|Number=1|Gender=Neut # kArya NC Case=Nom|Number=1|Gender=Neut # liFga NC Case=Nom|Number=1|Gender=Neut # taTA CX # pratyakza NC Case=Cpd # yogya JJ Case=Voc|Number=1|Gender=Masc #eva CEM # tad PRD Case=Cpd # anupalabDi NC Case=Nom|Number=1|Gender=Fem # iti CQT # samAna JJ Case=Nom|Number=1|Gender=Neut #
/home/basti/code/dvarapandita/data/jna050_ssa:30	yathā vāyam eva bhagavān jñāne jñānāntarābhāvam api dṛśyānupalabdhyā vyavahārayati | yad āha;	yaTA CCM # vA CCD # idam PRD Case=Nom|Number=1|Gender=Masc # eva CEM # Bagavant NC Case=Nom|Number=1|Gender=Masc # jQAna NC Case=Loc|Number=1|Gender=Neut # jQAna NC Case=Cpd # antara JJ Case=Cpd # aBAva NC Case=Acc|Number=1|Gender=Masc # api CX # dRS KDG Case=Cpd|VerbForm=Ger # anupalabDi NC Case=Ins|Number=1|Gender=Fem # vyavahAray V Tense=Pres|Mood=Ind|Person=3|Number=Sing # yad PRL Case=Acc|Number=1|Gender=Neut # ah V Tense=Perf|Mood=Ind|Person=3|Number=Sing #
/home/basti/code/dvarapandita/data/jna050_ssa:31	 dṛśyātmano vā vikalpasya darśane 'dṛṣṭir	dRS KDG Case=Cpd|VerbForm=Ger # Atman NC Case=Gen|Number=1|Gender=Masc # vA CCD # vikalpa NC Case=Gen|Number=1|Gender=Masc # darSana NC Case=Loc|Number=1|Gender=Neut # dRzwi NC Case=Nom|Number=1|Gender=Fem #
/home/basti/code/dvarapandita/data/jna050_ssa:32	vikalpakalpanām indriyajñāne pratihantīti	vikalpa NC Case=Cpd # kalpanA NC Case=Acc|Number=1|Gender=Fem # indriya NC Case=Cpd # jQAna NC Case=Loc|Number=1|Gender=Neut # pratihan V Tense=Pres|Mood=Ind|Person=3|Number=Sing # iti CQT #
/home/basti/code/dvarapandita/data/jna050_ssa:33	 tadā ka ekajñānasaṃsargī | kiṃ caivamabhyupagame kāryānupalabdher apy asiddhir iti prakṛtamatahānir eva | na hi jñānakāryasyābhāvaḥ kāryānupalabdher eva boddhavyo 'navasthāprasaṅgāt |  svasaṃvedanaṃ caikākāraniyatam anyābhāvaniścayam ākṣipty eva kevalaṃ vimataṃ prati yadi syāj jñānāntaram anubhūyeteti dṛśyānupalabdhir eva śaraṇaṃ vyavahāre bāhyavat | viśeṣaṇānuccāraṇaṃ tu syāt | na tv anyā gatiḥ | saṃsargāpekṣāyāṃ ca sāpi nāstīti sandigdhāsiddho hetuḥ | tasmād anupalabdher ekajñānasaṃsargāpekṣāniyamam anullaṅghya vartitum aśakyam |	tadA CAD # ka PRQ Case=Nom|Number=1|Gender=Masc # eka PPX Case=Cpd # jQAna NC Case=Cpd # saMsargin JJ Case=Nom|Number=1|Gender=Masc # ka PRQ Case=Nom|Number=1|Gender=Neut # ca CCD # evam CX # aByupagama NC Case=Loc|Number=1|Gender=Masc # kArya NC Case=Cpd # anupalabDi NC Case=Abl|Number=1|Gender=Fem # api CX # asidDi NC Case=Nom|Number=1|Gender=Fem # iti CQT # prakR PPP Case=Nom|Number=1|Gender=Neut|VerbForm=PPP # ata JJ Case=Cpd # hAni NC Case=Nom|Number=1|Gender=Fem # eva CEM # na CNG # hi CX # jQAna NC Case=Cpd # kArya NC Case=Gen|Number=1|Gender=Neut # aBAva NC Case=Nom|Number=1|Gender=Masc #kArya NC Case=Cpd # anupalabDi NC Case=Abl|Number=1|Gender=Fem # eva CEM # buD KDG Case=Nom|Number=1|Gender=Masc|VerbForm=Ger # navasTA NC Case=Cpd # prasaFga NC Case=Abl|Number=1|Gender=Masc # sva JJ Case=Cpd # saMvedana NC Case=Acc|Number=1|Gender=Neut # ca CCD # eka PPX Case=Cpd # AkAra NC Case=Cpd # niyam PPP Case=Acc|Number=1|Gender=Neut|VerbForm=PPP # anya PPX Case=Cpd # aBAva NC Case=Cpd # niScaya NC Case=Acc|Number=1|Gender=Masc # Akzip CGDA VerbForm=Abs # eva CEM # kevala JJ Case=Acc|Number=1|Gender=Neut # vimata NC Case=Acc|Number=1|Gender=Neut #prati CADP # yadi CSB # as V Tense=Pres|Mood=Opt|Person=3|Number=Sing # jQAna NC Case=Cpd # antara JJ Case=Acc|Number=1|Gender=Neut # anuBU V Tense=Pres|Mood=Opt|Person=3|Number=Sing # iti CQT # dRS KDG Case=Cpd|VerbForm=Ger # anupalabDi NC Case=Nom|Number=1|Gender=Fem # eva CEM # SaraNa NC Case=Nom|Number=1|Gender=Neut # vyavahAra NC Case=Loc|Number=1|Gender=Masc # bAhya JJ Case=Cpd # vat CX # viSezaNa NC Case=Cpd # anuccAraNa NC Case=Nom|Number=1|Gender=Neut # tu CCD # as V Tense=Pres|Mood=Opt|Person=3|Number=Sing # na CNG # tu CCD #anya PPX Case=Nom|Number=1|Gender=Fem # gati NC Case=Nom|Number=1|Gender=Fem # saMsarga NC Case=Cpd # apekzA NC Case=Loc|Number=1|Gender=Fem # ca CCD # tad PRD Case=Nom|Number=1|Gender=Fem # api CX # na CNG # as V Tense=Pres|Mood=Ind|Person=3|Number=Sing # iti CQT # sat JJ Case=Cpd # dih PPP Case=Cpd|VerbForm=PPP # asidDa JJ Case=Nom|Number=1|Gender=Masc # hetu NC Case=Nom|Number=1|Gender=Masc # tasmAt CX # anupalabDi NC Case=Abl|Number=1|Gender=Fem # eka PPX Case=Cpd # jQAna NC Case=Cpd # saMsarga NC Case=Cpd # apekzA NC Case=Nom|Number=1|Gender=Fem # idam PRD Case=Nom|NumbervRt CGDI VerbForm=Inf # aSakya JJ Case=Nom|Number=1|Gender=Neut #
/home/basti/code/dvarapandita/data/jna050_ssa:34	[195,4] bahir apekṣayā niyamo veti cet? na tatrāpi nibandhanābhāvāt | yad dhi sāmarthyam antas tadatikrame tasya bahir api lābhasaṃbhave kiṃ na sadṛśī sthitiḥ | vicitro hi viṣayasvabhāvaḥ | tatra svātmā tāvat pratyakṣībhāve yogyatāmātram apekṣate | śabdagandharasasparśatamisrālokās tu manaskārātiriktam indriyaṃ ghaṭādisanniveśinas tu rūpaviśeṣāḥ prakāśam api prāyaśaḥ | tathaiṣāṃ vidhāv upalabdhir iva svabhāvasyānupalabdhir api niṣedhe kiṃ na bhinnām eva sāmagrīm apekṣeta |	bahis CX # apekzA NC Case=Ins|Number=1|Gender=Fem # niyama NC Case=Nom|Number=1|Gender=Masc # vA CCD # iti CQT # ced CX # na CNG # tatra CAD # api CX # nibanDana NC Case=Cpd # aBAva NC Case=Abl|Number=1|Gender=Masc # yad PRL Case=Nom|Number=1|Gender=Neut # hi CX # sAmarTya NC Case=Nom|Number=1|Gender=Neut # antar CAD # tad PRD Case=Cpd # atikrama NC Case=Loc|Number=1|Gender=Masc # tad PRD Case=Gen|Number=1|Gender=Masc # bahis CX # api CX # lABa NC Case=Cpd # samBava NC Case=Loc|Number=1|Gender=Masc #ka PRQ Case=Nom|Number=1|Gender=Neut # na CNG # sadRSa JJ Case=Nom|Number=1|Gender=Fem # sTiti NC Case=Nom|Number=1|Gender=Fem # vicitra JJ Case=Nom|Number=1|Gender=Masc # hi CX # vizaya NC Case=Cpd # svaBAva NC Case=Nom|Number=1|Gender=Masc # tatra CAD # sva JJ Case=Cpd # Atman NC Case=Nom|Number=1|Gender=Masc # tAvat CX # pratyakza JJ Case=Cpd # aBAva NC Case=Loc|Number=1|Gender=Masc # yogyatA NC Case=Cpd # mAtra NC Case=Acc|Number=1|Gender=Neut # apekz V Tense=Pres|Mood=Ind|Person=3|Number=Sing # Sabda NC Case=Cpd # ganDa NC Case=Cpd # rasa NC Case=Cpd # sparSa NC Case=Cpd # tamisrA NC Case=Cpd # loka NC Casetu CCD # manaskAra NC Case=Cpd # atiric PPP Case=Nom|Number=1|Gender=Neut|VerbForm=PPP # indriya NC Case=Nom|Number=1|Gender=Neut # Gawa NC Case=Cpd # Adi NC Case=Cpd # saMniveSay PPP Case=Nom|Number=1|Gender=Masc|VerbForm=PPP # tu CCD # rUpa NC Case=Cpd # viSeza NC Case=Nom|Number=3|Gender=Masc # prakASa NC Case=Acc|Number=1|Gender=Masc # api CX # prAyaSas CX # taTA CX # idam PRD Case=Gen|Number=3|Gender=Masc # viDAv JJ Case=Nom|Number=1|Gender=Masc # upalabDi NC Case=Nom|Number=1|Gender=Fem # iva CCM # svaBAva NC Case=Gen|Number=1|Gender=Masc # anupalabDi NC Case=Nom|Number=1|Gender=Fem #api CX # nizeDa NC Case=Loc|Number=1|Gender=Masc # kim CX # na CNG # Bid PPP Case=Acc|Number=1|Gender=Fem|VerbForm=PPP # eva CEM # sAmagrI NC Case=Acc|Number=1|Gender=Fem # apekz V Tense=Pres|Mood=Opt|Person=3|Number=Sing #
/home/basti/code/dvarapandita/data/jna050_ssa:35	[195,10] tatrādye yathā nendriyatādavasthyenopayogaḥ tathā madhyamīyeṣv api naikajñānasaṃsargiṇā | anyātiriktāpekṣiṇas tadapekṣā yujyate 'pi | tato yathā yadi buddhiḥ syād upalabhyetaiva kim indriyatādavasthyāpekṣayeti sāmarthyam tathā yadi syād rasādis tadavasthendriyeṇa mayopalabhyetaiva kim ekajñānasaṃsargiṇeti śakyam eva | tasmād bahir api niyamasaṃbhāvanā 'tidūraivābhyupagame vā jñāne 'py apekṣeta |	tatra CAD # Adya JJ Case=Loc|Number=1|Gender=Masc # yaTA CCM # na CNG # indriya NC Case=Cpd # tAdavasTya NC Case=Ins|Number=1|Gender=Neut # upayoga NC Case=Nom|Number=1|Gender=Masc # taTA CX # maDyamIya NC Case=Loc|Number=3|Gender=Masc # api CX # na CNG # eka PPX Case=Cpd # jQAna NC Case=Cpd # saMsargin JJ Case=Ins|Number=1|Gender=Masc # anya PPX Case=Cpd # atiric PPP Case=Cpd|VerbForm=PPP # apekzin JJ Case=Gen|Number=1|Gender=Masc # tad PRD Case=Cpd # apekzA NC Case=Nom|Number=1|Gender=Fem # yuj V Tense=Pres|Mood=Ind|Voice=Pass|Person=3|Number=Sing #api CX # tatas CX # yaTA CCM # yadi CSB # budDi NC Case=Nom|Number=1|Gender=Fem # as V Tense=Pres|Mood=Opt|Person=3|Number=Sing # upalaB V Tense=Pres|Mood=Opt|Voice=Pass|Person=3|Number=Sing # eva CEM # ka PRQ Case=Nom|Number=1|Gender=Neut # indriya NC Case=Cpd # tAdavasTya NC Case=Cpd # apekzA NC Case=Ins|Number=1|Gender=Fem # iti CQT # sAmarTya NC Case=Nom|Number=1|Gender=Neut # taTA CX # yadi CSB # as V Tense=Pres|Mood=Opt|Person=3|Number=Sing # rasa NC Case=Cpd # Adi NC Case=Nom|Number=1|Gender=Masc # tad PRD Case=Cpd # avasTA NC Case=Cpd # indriya NC Case=Ins|Nummad PPR Case=Ins|Number=1|Gender= # upalaB V Tense=Pres|Mood=Opt|Voice=Pass|Person=3|Number=Sing # eva CEM # ka PRQ Case=Nom|Number=1|Gender=Neut # eka PPX Case=Cpd # jQAna NC Case=Cpd # saMsargin JJ Case=Ins|Number=1|Gender=Masc # iti CQT # Sakya JJ Case=Nom|Number=1|Gender=Neut # eva CEM # tasmAt CX # bahis CX # api CX # niyama NC Case=Cpd # samBAvanA NC Case=Nom|Number=1|Gender=Fem # tidUra JJ Case=Nom|Number=1|Gender=Fem # eva CEM # aByupagama NC Case=Loc|Number=1|Gender=Masc # vA CCD # jQAna NC Case=Loc|Number=1|Gender=Neut # api CX # apekz V Tense=Pres|Mood=Opt|Person=3|Number=
/home/basti/code/dvarapandita/data/jna050_ssa:36	[195,15] tatrāpi saṃvedanaikapratyakṣāpekṣaikajñānasaṃsargo 'stīti cet | 	nanu na saṃvedanaṃ nāmaikaṃ pratyakṣam asti dharmamātrasya tasya pratisvaṃ bhedāt | sāmānyam āśrityaikajñānasaṃjñayā tu parituṣṭau bhinnendriyagrāhyayor api svasaṃvedanendriyajñānaviṣayayor api vā prasaṅgaḥ | yayoḥ sator anyonyapratyakṣāvyabhicāras tatreyaṃ vyavastheti cet | rūpayor api nāyaṃ niyamaḥ | pradeśapiśācayor adarśanāt | viśiṣṭayor asty eva | na ca sāmānyāparādho viśeṣam āskandatīti cet | evam api śabdākāśayoḥ śabdamanaskārayor vā prasaṅgaḥ | na hy ākāśapratyakṣaṃ manaskārasaṃvedanapratyakṣaṃ vā sattve śabdasya pratyakṣaṃ vyabhicarati | vyabhicāre punaḥ kāryānupalabdher anekāntaprasaṅgaḥ | tasmād avyāpakam ekajñānāpekṣaṇam anyasyāpi ca sulabham ity alaṃ vimatyā |	tatra CAD # api CX # saMvedana NC Case=Cpd # eka PPX Case=Cpd # pratyakza NC Case=Cpd # apekzA NC Case=Cpd # eka PPX Case=Cpd # jQAna NC Case=Cpd # saMsarga NC Case=Nom|Number=1|Gender=Masc # as V Tense=Pres|Mood=Ind|Person=3|Number=Sing # iti CQT # ced CX # nanu CX # na CNG # saMvedana NC Case=Nom|Number=1|Gender=Neut # nAma CX # eka PPX Case=Nom|Number=1|Gender=Neut # pratyakza NC Case=Nom|Number=1|Gender=Neut # as V Tense=Pres|Mood=Ind|Person=3|Number=Sing # Darma NC Case=Cpd # mAtra NC Case=Gen|Number=1|Gender=Neut # tad PRD Case=Gen|Number=1|Gender=Neut #pratisvam CX # Beda NC Case=Abl|Number=1|Gender=Masc # sAmAnya NC Case=Acc|Number=1|Gender=Neut # ASri CGDA VerbForm=Abs # eka PPX Case=Cpd # jQAna NC Case=Cpd # saMjQA NC Case=Ins|Number=1|Gender=Fem # tu CCD # parituz PPP Case=Nom|Number=2|Gender=Masc|VerbForm=PPP # Bid PPP Case=Cpd|VerbForm=PPP # indriya NC Case=Cpd # grah KDG Case=Gen|Number=2|Gender=Masc|VerbForm=Ger # api CX # sva JJ Case=Cpd # saMvedana NC Case=Cpd # indriya NC Case=Cpd # jQAna NC Case=Cpd # vizaya NC Case=Gen|Number=2|Gender=Masc # api CX #vA CCD # prasaFga NC Case=Nom|Number=1|Gender=Masc # yad PRL Case=Gen|Number=2|Gender=Masc # as KDP Case=Gen|Number=2|Gender=Masc|Tense=Pres|VerbForm=Part # anyonya PRC Case=Cpd # pratyakza JJ Case=Cpd # avyaBicAra NC Case=Nom|Number=1|Gender=Masc # tatra CAD # idam PRD Case=Nom|Number=1|Gender=Fem # vyavasTA NC Case=Nom|Number=1|Gender=Fem # iti CQT # ced CX # rUpa NC Case=Gen|Number=2|Gender=Neut # api CX # na CNG # idam PRD Case=Nom|Number=1|Gender=Masc # niyama NC Case=Nom|Number=1|Gender=Masc # pradeSa NC Case=Cpd # piSAca NC Case=Gen|Number=2|Gender=Masc #adarSana NC Case=Abl|Number=1|Gender=Neut # viSiz PPP Case=Gen|Number=2|Gender=Masc|VerbForm=PPP # as V Tense=Pres|Mood=Ind|Person=3|Number=Sing # eva CEM # na CNG # ca CCD # sAmAnya NC Case=Cpd # aparADa NC Case=Nom|Number=1|Gender=Masc # viSeza NC Case=Acc|Number=1|Gender=Masc # Askand V Tense=Pres|Mood=Ind|Person=3|Number=Sing # iti CQT # ced CX # evam CX # api CX # Sabda NC Case=Cpd # AkASa NC Case=Gen|Number=2|Gender=Masc # Sabda NC Case=Cpd # manaskAra NC Case=Gen|Number=2|Gender=Masc # vA CCD # prasaFga NC Case=Nom|Number=1|Gender=Masc #na CNG # hi CX # AkASa NC Case=Cpd # pratyakza NC Case=Nom|Number=1|Gender=Neut # manaskAra NC Case=Cpd # saMvedana NC Case=Cpd # pratyakza NC Case=Nom|Number=1|Gender=Neut # vA CCD # sattva NC Case=Loc|Number=1|Gender=Neut # Sabda NC Case=Gen|Number=1|Gender=Masc # pratyakza NC Case=Acc|Number=1|Gender=Neut # vyaBicar V Tense=Pres|Mood=Ind|Person=3|Number=Sing # vyaBicAra NC Case=Loc|Number=1|Gender=Masc # punar CAD # kArya NC Case=Cpd # anupalabDi NC Case=Abl|Number=1|Gender=Fem #anekAntaprasaFga NC Case=Nom|Number=1|Gender=Masc # tasmAt CX # avyApaka JJ Case=Nom|Number=1|Gender=Neut # eka PPX Case=Cpd # jQAna NC Case=Cpd # apekzaNa NC Case=Nom|Number=1|Gender=Neut # anya PPX Case=Gen|Number=1|Gender=Masc # api CX # ca CCD # sulaBa JJ Case=Nom|Number=1|Gender=Neut # iti CQT # alam CX # vimati NC Case=Ins|Number=1|Gender=Fem #
/home/basti/code/dvarapandita/data/jna050_ssa:37	[195,24] api cāyaṃ cittayor ekajñānasaṃsargo 'pūrva eva mukhyasyābhāvād gauṇasya caikāyatanasaṅgrahābhāvāt | upalakṣaṇam ekāyatanasaṅgraha iti cet | ekajñānasaṃsarga eva kiṃ nopalakṣaṇam ākhyāyate | prakṛtaghaṭodāharaṇāpekṣayā tu dvayam apy etad uktam ity anabhiniveśaḥ |	api CX # ca CCD # idam PRD Case=Nom|Number=1|Gender=Masc # citta NC Case=Gen|Number=2|Gender=Neut # eka PPX Case=Cpd # jQAna NC Case=Cpd # saMsarga NC Case=Nom|Number=1|Gender=Masc # pUrva PPX Case=Nom|Number=1|Gender=Masc # eva CEM # muKya JJ Case=Gen|Number=1|Gender=Masc # aBAva NC Case=Abl|Number=1|Gender=Masc # gONa JJ Case=Gen|Number=1|Gender=Masc # ca CCD # eka PPX Case=Cpd # Ayatana NC Case=Cpd # saMgraha NC Case=Cpd # aBAva NC Case=Abl|Number=1|Gender=Masc # upalakzaNa NC Case=Nom|Number=1|Gender=Neut # ekAyatana NC Case=Cpd # saMgraha NC Case=Voc|Number=1|Gender=Masc #iti CQT # ced CX # eka PPX Case=Cpd # jQAna NC Case=Cpd # saMsarga NC Case=Nom|Number=1|Gender=Masc # eva CEM # ka PRQ Case=Nom|Number=1|Gender=Neut # na CNG # upalakzaNa NC Case=Nom|Number=1|Gender=Neut # AKyA V Tense=Pres|Mood=Ind|Voice=Pass|Person=3|Number=Sing # prakR PPP Case=Cpd|VerbForm=PPP # Gawa NC Case=Cpd # udAharaNa NC Case=Cpd # apekzA NC Case=Ins|Number=1|Gender=Fem # tu CCD # dvaya NC Case=Nom|Number=1|Gender=Neut # api CX # etad PRD Case=Nom|Number=1|Gender=Neut # vac PPP Case=Nom|Number=1|Gender=Neut|VerbForm=PPP # iti CQT # anaBiniveSa NC Case=Nom|Number=1|Gender=Masc #
/home/basti/code/dvarapandita/data/jna050_ssa:38	[196] yathā hy ekāyatanasaṅgraheṇānyonyapratyakṣāvyabhicāra upalakṣyate tathaikajñānasaṃsargeṇāpi pratiyogimātrāpekṣaiveti yujyate |	yaTA CCM # hi CX # ekAyatana NC Case=Cpd # saMgraha NC Case=Ins|Number=1|Gender=Masc # anyonya PRC Case=Cpd # pratyakza JJ Case=Cpd # avyaBicAra NC Case=Nom|Number=1|Gender=Masc # upalakzay V Tense=Pres|Mood=Ind|Voice=Pass|Person=3|Number=Sing # taTA CX # eka PPX Case=Cpd # jQAna NC Case=Cpd # saMsarga NC Case=Ins|Number=1|Gender=Masc # api CX # pratiyogin JJ Case=Cpd # mAtra NC Case=Cpd # apekzA NC Case=Nom|Number=1|Gender=Fem # eva CEM # iti CQT # yuj V Tense=Pres|Mood=Ind|Voice=Pass|Person=3|Number=Sing #
/home/basti/code/dvarapandita/data/jna050_ssa:39	kaś ca kasya pratiyogī | yayor ekākāraniyataṃ pratyakṣam itarābhāvaniścayam upapādayituṃ śaknotīti | kayoś caivam anupalabdhiḥ | yayor ekapratyakṣam aparapratyakṣāvyabhicāri | tayor hi sator naikarūpaniyatā pratipattir asaṃbhavāt | tatas tāvat yo viśiṣṭakāladeśadaśāsantānāpekṣayānyo 'nyasya pratiyoginau vyavasthāpyete | sa dṛśyaḥ saṃvittilābhalakṣaṇe 'yogas tayor iti kṛtvā | ata eva tayor ekākāraniyataṃ vedanam anyasya pratiṣedhavikalpam upapādayituṃ śaknotīti tādṛśām abhāvaḥ pratyakṣasiddho 'bhidhīyate | tam eva niścayaṃ mūṭhaṃ prati pratiyogyupalambhasvabhāvānupalabdhir upalabdhiyogyatā yugayoginaḥ saṃbhavantī vyāhāravyāhārāv api sādhayatīti tāvataivetaramatapratikṣepeṇa svabhāvaphalayor api pariniṣṭhāsiddhau kim ekendriyagrāhyatāpekṣopagraheṇa |	ka PRQ Case=Nom|Number=1|Gender=Masc # ca CCD # ka PRQ Case=Gen|Number=1|Gender=Masc # pratiyogin JJ Case=Nom|Number=1|Gender=Masc # yad PRL Case=Gen|Number=2|Gender=Masc # ekAkAra NC Case=Cpd # niyam PPP Case=Acc|Number=1|Gender=Neut|VerbForm=PPP # pratyakza JJ Case=Acc|Number=1|Gender=Neut # itara PPX Case=Cpd # aBAva NC Case=Cpd # niScaya NC Case=Acc|Number=1|Gender=Neut # upapAday CGDI VerbForm=Inf # Sak V Tense=Pres|Mood=Ind|Person=3|Number=Sing # iti CQT # ka PRQ Case=Gen|Number=2|Gender=Masc # ca CCD # evam CX # anupalabDi NC Case=Nom|Number=1|Gender=Fem #yad PRL Case=Gen|Number=2|Gender=Masc # eka PPX Case=Cpd # pratyakza NC Case=Nom|Number=1|Gender=Neut # apara PPX Case=Cpd # pratyakza JJ Case=Cpd # avyaBicArin JJ Case=Nom|Number=1|Gender=Neut # tad PRD Case=Gen|Number=2|Gender=Masc # hi CX # as KDP Case=Gen|Number=2|Gender=Masc|Tense=Pres|VerbForm=Part # na CNG # eka PPX Case=Cpd # rUpa NC Case=Cpd # niyam PPP Case=Nom|Number=1|Gender=Fem|VerbForm=PPP # pratipatti NC Case=Nom|Number=1|Gender=Fem # asaMBava NC Case=Abl|Number=1|Gender=Masc # tatas CX # tAvat CX # yad PRL Case=Nom|Number=1|Gender=Masc # viSiz PPP Case=Cpd|VerbForm=PPP # kAla NC Case=Cpd # deSa Nnyas CGDA VerbForm=Abs # pratiyogin JJ Case=Acc|Number=2|Gender=Masc # vyavasTApay V Tense=Pres|Mood=Ind|Voice=Pass|Person=3|Number=Dual # tad PRD Case=Nom|Number=1|Gender=Masc # dRS KDG Case=Nom|Number=1|Gender=Masc|VerbForm=Ger # saMvitti NC Case=Cpd # lABa NC Case=Cpd # lakzaNa NC Case=Loc|Number=1|Gender=Neut # yoga NC Case=Nom|Number=1|Gender=Masc # tad PRD Case=Gen|Number=2|Gender=Masc # iti CQT # kR CGDA VerbForm=Abs # atas CX # eva CEM # tad PRD Case=Gen|Number=2|Gender=Masc # eka PPX Case=Cpd # AkAra NC Case=Cpd # niyam PPP Case=Acc|Number=1|Gender=Neut|VerbForm=PPP # vedanA NC Case=Acc|anya PPX Case=Gen|Number=1|Gender=Masc # pratizeDa NC Case=Cpd # vikalpa NC Case=Acc|Number=1|Gender=Masc # upapAday CGDI VerbForm=Inf # Sak V Tense=Pres|Mood=Ind|Person=3|Number=Sing # iti CQT # tAdRSa JJ Case=Acc|Number=1|Gender=Fem # aBAva NC Case=Nom|Number=1|Gender=Masc # pratyakza JJ Case=Cpd # siD PPP Case=Nom|Number=1|Gender=Masc|VerbForm=PPP # aBiDA V Tense=Pres|Mood=Ind|Voice=Pass|Person=3|Number=Sing # tad PRD Case=Acc|Number=1|Gender=Masc # eva CEM # niScaya NC Case=Acc|Number=1|Gender=Masc # mUWa NC Case=Acc|Number=1|Gender=Masc # pratiyogupalamBa NC Case=Cpd # svaBAva NC Case=Cpd #upalabDi NC Case=Cpd # yogya JJ Case=Cpd # tA NC Case=Nom|Number=1|Gender=Fem # yuga NC Case=Cpd # yogin NC Case=Gen|Number=1|Gender=Masc # samBU KDP Case=Nom|Number=1|Gender=Fem|Tense=Pres|VerbForm=Part # vyAhAra NC Case=Cpd # vyAhAra NC Case=Acc|Number=2|Gender=Masc # api CX # sADay V Tense=Pres|Mood=Ind|Person=3|Number=Sing # iti CQT # tAvat CX # eva CEM # itara PPX Case=Cpd # mata NC Case=Cpd # pratikzepa NC Case=Ins|Number=1|Gender=Masc # svaBAva NC Case=Cpd # Pala NC Case=Gen|Number=2|Gender=Neut # api CX # parinizWA NC Case=Cpd # sidDi NC Case=Loc|Number=1|Gender=Fem #kim CX # eka PPX Case=Cpd # indriya NC Case=Cpd # grah KDG Case=Cpd|VerbForm=Ger # tA NC Case=Cpd # apekzA NC Case=Cpd # upagraha NC Case=Ins|Number=1|Gender=Masc #
/home/basti/code/dvarapandita/data/jna050_ssa:40	[196,12] ayaṃ hi pratiyoga ekenānekena vendriyeṇa grāhyayor arthayor jñānayor jñānārthayor vā sādhāraṇo 'bhāvasādhane ca nirapavāda iti kas tadanurodhaḥ | yathā hi bhūtalakalasayoḥ jñānayor vaikarūpavedanam anyapratyakṣāvyabhicāritayā tadabhāvaniścayotpādane paryāptam tathā pānakapānakarmaṇi dvayam upalabdhavatas tādavasthyasaṃvedinaḥ pradīpakavalane sparśamātropalabdhī rasābhāvaniścayajanane |	idam PRD Case=Nom|Number=1|Gender=Masc # hi CX # pratiyoga NC Case=Nom|Number=1|Gender=Masc # eka PPX Case=Ins|Number=1|Gender=Masc # aneka JJ Case=Ins|Number=1|Gender=Masc # vA CCD # indriya NC Case=Ins|Number=1|Gender=Neut # grah KDG Case=Gen|Number=2|Gender=Neut|VerbForm=Ger # arTa NC Case=Gen|Number=2|Gender=Masc # jQAna NC Case=Gen|Number=2|Gender=Neut # jQAna NC Case=Cpd # arTa NC Case=Gen|Number=2|Gender=Masc # vA CCD # sADAraNa JJ Case=Nom|Number=1|Gender=Masc # BAva NC Case=Cpd # sADana NC Case=Loc|Number=1|Gender=Neut # ca CCD # nirapavAda NC Case=Nom|Number=1|Gender=Masc # iti CQT #ka PRQ Case=Nom|Number=1|Gender=Masc # tad PRD Case=Cpd # anuroDa NC Case=Nom|Number=1|Gender=Masc # yaTA CCM # hi CX # BUta NC Case=Cpd # las NC Case=Cpd # alasa JJ Case=Gen|Number=2|Gender=Masc # jQAna NC Case=Gen|Number=2|Gender=Neut # vEka NC Case=Cpd # rUpa NC Case=Cpd # vedanA NC Case=Nom|Number=1|Gender=Neut # anya PPX Case=Cpd # pratyakza JJ Case=Nom|Number=1|Gender=Fem # avyaBicArita JJ Case=Ins|Number=1|Gender=Fem # tad PRD Case=Cpd # aBAva NC Case=Cpd # niScaya NC Case=Cpd # utpAdana NC Case=Loc|Number=1|Gender=Neut # paryAp PPP Case=Nom|Number=1|Gender=Neut|VerbForm=PPP #taTA CX # pAnaka NC Case=Cpd # pAna NC Case=Cpd # karman NC Case=Loc|Number=1|Gender=Neut # dvaya NC Case=Acc|Number=1|Gender=Neut # upalaB KDP Case=Gen|Number=1|Gender=Masc|VerbForm=PPA # tAdavasTya NC Case=Cpd # saMvedin JJ Case=Gen|Number=1|Gender=Masc # pradIpa NC Case=Cpd # kavalana NC Case=Loc|Number=1|Gender=Neut # sparSa NC Case=Cpd # mAtra NC Case=Cpd # upalabDi NC Case=Nom|Number=2|Gender=Fem # rasa NC Case=Cpd # aBAva NC Case=Cpd # niScaya NC Case=Cpd # janana NC Case=Loc|Number=1|Gender=Neut #
/home/basti/code/dvarapandita/data/jna050_ssa:41	svavikalpākāramātrasaṃvedanaṃ vā sannihitasparśābhāvāvasāyasādhane śaknoty eva | na hi tadvikalpavedanaṃ tadā sataḥ sparśasya pratyakṣaṃ vyabhicarati | na cānyonyapratyakṣāvyabhicārād anyad anyatrāpi dvitīyābhāvaniścayotpādanasāmarthyaṃ nāma | nāpy abhāvaniścayotpādanasāmarthyād arthāntaram abhāvapratyakṣīkaraṇaṃ nāma | na hy asau vigrahavān yataḥ sākṣātkartavyaḥ |	sva JJ Case=Cpd # vikalpa NC Case=Cpd # AkAra NC Case=Cpd # mAtra NC Case=Cpd # saMvedana NC Case=Nom|Number=1|Gender=Neut # vA CCD # saMniDA PPP Case=Cpd|VerbForm=PPP # sparSa NC Case=Cpd # aBAva NC Case=Cpd # avasAya NC Case=Cpd # sADana NC Case=Loc|Number=1|Gender=Neut # Sak V Tense=Pres|Mood=Ind|Person=3|Number=Sing # eva CEM # na CNG # hi CX # tad PRD Case=Cpd # vikalpa NC Case=Cpd # vedanA NC Case=Acc|Number=1|Gender=Neut # tadA CAD # as KDP Case=Gen|Number=1|Gender=Masc|Tense=Pres|VerbForm=Part # sparSa NC Case=Gen|Number=1|Gender=Masc #pratyakza JJ Case=Acc|Number=1|Gender=Neut # vyaBicar V Tense=Pres|Mood=Ind|Person=3|Number=Sing # na CNG # ca CCD # anyonya PRC Case=Cpd # pratyakza JJ Case=Cpd # avyaBicAra NC Case=Abl|Number=1|Gender=Masc # anya PPX Case=Nom|Number=1|Gender=Neut # anyatra CX # api CX # dvitIya JJ Case=Cpd # aBAva NC Case=Cpd # niScaya NC Case=Cpd # utpAdana NC Case=Cpd # sAmarTya NC Case=Nom|Number=1|Gender=Neut # nAma CX # na CNG # api CX # aBAva NC Case=Cpd # niScaya NC Case=Cpd # utpAdana NC Case=Cpd # sAmarTya NC Case=Abl|Number=1|Gender=Neut #arTa NC Case=Cpd # antara JJ Case=Nom|Number=1|Gender=Neut # aBAva NC Case=Cpd # pratyakzIkaraNa NC Case=Nom|Number=1|Gender=Neut # nAma CX # na CNG # hi CX # adas PRD Case=Nom|Number=1|Gender=Masc # vigrahavat JJ Case=Nom|Number=1|Gender=Masc # yatas CX # sAkzAtkR KDG Case=Nom|Number=1|Gender=Masc|VerbForm=Ger #
/home/basti/code/dvarapandita/data/jna050_ssa:42	yadā ca paryudāsena pratiyogy evābhāvas tadā tv asya mukhyaiva pratyakṣasiddhir iti yuktaṃ sarvatra vyavahāraphalatvam | na cāyaṃ pratiyogaḥ svabhāvādiviprakarṣiṇāṃ kenacid asti yena kasyacit pratyakṣaṃ tadabhāvavibhāvanāya prabhavet | na caivaṃ nivṛttimātram anupalabdhir ukta bhavati |	yadA CSB # ca CCD # paryudAsa NC Case=Ins|Number=1|Gender=Masc # pratiyogin JJ Case=Nom|Number=1|Gender=Neut # eva CEM # aBAva NC Case=Nom|Number=1|Gender=Masc # tadA CAD # tu CCD # idam PRD Case=Gen|Number=1|Gender=Masc # muKya JJ Case=Nom|Number=1|Gender=Fem # eva CEM # pratyakza JJ Case=Cpd # sidDi NC Case=Nom|Number=1|Gender=Fem # iti CQT # yukta JJ Case=Nom|Number=1|Gender=Neut # sarvatra CX # vyavahAra NC Case=Cpd # Pala NC Case=Cpd # tva NC Case=Nom|Number=1|Gender=Neut # na CNG # ca CCD # idam PRD Case=Nom|Number=1|Gender=Masc #pratiyoga NC Case=Nom|Number=1|Gender=Masc # svaBAva NC Case=Cpd # Adi NC Case=Cpd # vipra NC Case=Cpd # kArin JJ Case=Gen|Number=3|Gender=Masc # kaScit PRI Case=Ins|Number=1|Gender=Masc # as V Tense=Pres|Mood=Ind|Person=3|Number=Sing # yad PRL Case=Ins|Number=1|Gender=Masc # kaScit PRI Case=Gen|Number=1|Gender=Masc # pratyakza JJ Case=Nom|Number=1|Gender=Neut # tad PRD Case=Cpd # aBAva NC Case=Cpd # viBAvana NC Case=Dat|Number=1|Gender=Neut # praBU V Tense=Pres|Mood=Opt|Person=3|Number=Sing # na CNG # ca CCD # evam CX # nivRtti NC Case=Cpd # mAtra NC Case=Nom|Number=1|Gender=Neut #anupalabDi NC Case=Nom|Number=1|Gender=Fem # vac PPP Case=Nom|Number=1|Gender=Masc|VerbForm=PPP # BU V Tense=Pres|Mood=Ind|Person=3|Number=Sing #
/home/basti/code/dvarapandita/data/jna050_ssa:43	bhaṭṭas tu paryudāsapakṣe 'pi yathoktaṃ pratiyoginam anapekṣyānyamātrasyopalabdhim anupalabdhiṃ pramāṇayatīti tanmate yuktaḥ piśācādipratikṣepaḥ | rūpadarśinas tu rasas taddeśaviprakṛṣṭa eva | na tena pratiyogaṃ yathoktam āvahati | rasanāgrasaṅgī tu nābhāvam anupalabdhau vyabhicarati	Bawwa NC Case=Nom|Number=1|Gender=Masc # tu CCD # paryudAsa NC Case=Cpd # pakza NC Case=Loc|Number=1|Gender=Masc # api CX # yaTA CCM # vac PPP Case=Nom|Number=1|Gender=Neut|VerbForm=PPP # pratiyogin JJ Case=Acc|Number=1|Gender=Masc # anapekzya JJ Case=Nom|Number=3|Gender=Neut # amAtra JJ Case=Gen|Number=1|Gender=Masc # upalabDi NC Case=Acc|Number=1|Gender=Fem # anupalabDi NC Case=Acc|Number=1|Gender=Fem # pramANay V Tense=Pres|Mood=Ind|Person=3|Number=Sing # iti CQT # tad PRD Case=Cpd # mata NC Case=Loc|Number=1|Gender=Neut # yuj PPP Case=Nom|Number=1|Gender=Masc|VerbForm=PPP # piSAca NrUpa NC Case=Cpd # darSin JJ Case=Gen|Number=1|Gender=Masc # tu CCD # rasa NC Case=Nom|Number=1|Gender=Masc # tad PRD Case=Cpd # deSa NC Case=Cpd # viprakRzwa JJ Case=Nom|Number=1|Gender=Masc # eva CEM # na CNG # tad PRD Case=Ins|Number=1|Gender=Masc # pratiyoga NC Case=Acc|Number=1|Gender=Masc # yaTA CCM # vac PPP Case=Nom|Number=1|Gender=Neut|VerbForm=PPP # Avah V Tense=Pres|Mood=Ind|Person=3|Number=Sing # rasa NC Case=Cpd # nAga NC Case=Cpd # rasa NC Case=Cpd # aFga JJ Case=Nom|Number=1|Gender=Fem # tu CCD # na CNG # aBAva NC Case=Acc|Number=1|Gender=Masc # anupalabDi NC Case=Loc|Num
/home/basti/code/dvarapandita/data/jna050_ssa:44	[197] iti na doṣaḥ kaścit | ata eva kāryānupalabdhyādīnām sākṣād akṣamaḥ svabhāvānupalabdhau antarbhāvaḥ paramparyeṇocyate | tādṛśasya pratiyogasyābhāvat |	iti CQT # na CNG # doza NC Case=Nom|Number=1|Gender=Masc # kaScit PRI Case=Nom|Number=1|Gender=Masc # atas CX # eva CEM # kArya NC Case=Cpd # anupalabDi NC Case=Cpd # Adi NC Case=Gen|Number=3|Gender=Masc # sAkzAt CX # akzama JJ Case=Nom|Number=1|Gender=Masc # svaBAva NC Case=Cpd # anupalabDi NC Case=Loc|Number=1|Gender=Fem # antarBAva NC Case=Nom|Number=1|Gender=Masc # paramparyeNocay V Tense=Pres|Mood=Ind|Voice=Pass|Person=3|Number=Sing # tAdRSa JJ Case=Gen|Number=1|Gender=Masc #pratiyoga NC Case=Gen|Number=1|Gender=Masc # aBAvat JJ Case=Nom|Number=1|Gender=Neut #
/home/basti/code/dvarapandita/data/jna050_ssa:45	tasmād upalambhayogyatāprāptasyānupalambha ity eva dṛśyānupalabdher lakṣaṇam | sā ca yathoktapratiyogyupalambharūpatayā siddhasyābhāvasya vyavahārikasyaivāvatiṣṭhata iti na nyāyaśāstrayor uparodhaḥ | ekendriyagrāhyopanyāsas tu ghaṭādyudāharaṇāpekṣa eva mantavya iti sthitam | tatra yadā tāvat timirālokasaṃjñite ākāśapradeśe dṛśyamāne devakulādau vā bheryāder evābhāvaṃ pratipadyate tadā tad eva tadekākāroparaktajñānaviṣayībhavajjñānaṃ vā tādṛśaṃ niyataprāptikapratyakṣodayasya niṣedhyasya tajjñānasya vā paryudāso 'nupalabdhiḥ | avyāpṛtacakṣus tu rasādis tajjñānaṃ vāntato manaskārākāro jñeyaparyudāsaḥ | tatsaṃvedanaṃ ca paryudāsaḥ |	tasmAt CX # upalamBa NC Case=Cpd # yogya JJ Case=Cpd # tA NC Case=Cpd # prAp PPP Case=Gen|Number=1|Gender=Masc|VerbForm=PPP # anupalamBa NC Case=Nom|Number=1|Gender=Masc # iti CQT # eva CEM # dRS KDG Case=Cpd|VerbForm=Ger # anupalabDi NC Case=Abl|Number=1|Gender=Fem # lakzaNa NC Case=Nom|Number=1|Gender=Neut # tad PRD Case=Nom|Number=1|Gender=Fem # ca CCD # yaTA CCM # vac PPP Case=Cpd|VerbForm=PPP # pratiyoga JJ Case=Cpd # upalamBa NC Case=Cpd # rUpa NC Case=Cpd # tA NC Case=Ins|Number=1|Gender=Fem # siD PPP Case=Gen|Number=1|Gender=Masc|VerbForm=PPP # aBAva NC Case=Gen|Number=1|Gender=Masc #vyavahArika JJ Case=Gen|Number=1|Gender=Masc # eva CEM # avasTA KDP Case=Gen|Number=1|Gender=Masc|Tense=Pres|VerbForm=Part # iti CQT # na CNG # nyAya NC Case=Cpd # SAstra NC Case=Gen|Number=2|Gender=Neut # uparoDa NC Case=Nom|Number=1|Gender=Masc # eka PPX Case=Cpd # indriya NC Case=Cpd # grah KDG Case=Cpd|VerbForm=Ger # upanyAsa NC Case=Nom|Number=1|Gender=Masc # tu CCD # Gawa NC Case=Cpd # Adi NC Case=Cpd # udAharaNa NC Case=Cpd # apekzA NC Case=Nom|Number=1|Gender=Masc # eva CEM # man KDG Case=Nom|Number=1|Gender=Masc|VerbForm=Ger # iti CQT #sTA PPP Case=Nom|Number=1|Gender=Neut|VerbForm=PPP # tatra CAD # yadA CSB # tAvat CX # timira NC Case=Cpd # Aloka NC Case=Cpd # saMjQita JJ Case=Loc|Number=1|Gender=Masc # AkASa NC Case=Cpd # pradeSa NC Case=Loc|Number=1|Gender=Masc # dRS KDP Case=Loc|Number=1|Gender=Masc|Tense=Pres|Voice=Pass|VerbForm=Part # devakula NC Case=Cpd # Adi NC Case=Loc|Number=1|Gender=Masc # vA CCD # BerI NC Case=Cpd # Adi NC Case=Gen|Number=1|Gender=Masc # eva CEM # aBAva NC Case=Acc|Number=1|Gender=Masc # pratipad V Tense=Pres|Mood=Ind|Person=3|Number=Sing # tadA CAD # tad PRD Case=Nom|Number=1|Gender=Neut #eva CEM # tad PRD Case=Cpd # eka PPX Case=Cpd # AkAra NC Case=Cpd # uparaQj PPP Case=Cpd|VerbForm=PPP # jQAna NC Case=Cpd # vizayin JJ Case=Nom|Number=1|Gender=Masc # BU V Tense=Impf|Mood=Ind|Person=3|Number=Sing # jQAna NC Case=Nom|Number=1|Gender=Neut # vA CCD # tAdRSa JJ Case=Nom|Number=1|Gender=Neut # niyam PPP Case=Cpd|VerbForm=PPP # prAptika JJ Case=Cpd # pratyakza NC Case=Cpd # udaya NC Case=Gen|Number=1|Gender=Masc # nizeDya JJ Case=Gen|Number=1|Gender=Masc # tad PRD Case=Cpd # jQAna NC Case=Gen|Number=1|Gender=Neut # vA CCD # paryudAsa NC Case=Nom|Number=1|Gender=Masc #na CNG # upalabDi NC Case=Nom|Number=1|Gender=Fem # a CNG # vyApRta JJ Case=Cpd # cakzus NC Case=Nom|Number=1|Gender=Neut # tu CCD # rasa NC Case=Cpd # Adi NC Case=Nom|Number=1|Gender=Masc # tad PRD Case=Cpd # jQAna NC Case=Nom|Number=1|Gender=Neut # vam PPP Case=Nom|Number=1|Gender=Masc|VerbForm=PPP # manaskAra NC Case=Cpd # AkAra NC Case=Nom|Number=1|Gender=Masc # jQA KDG Case=Cpd|VerbForm=Ger # paryudAsa NC Case=Nom|Number=1|Gender=Masc # tad PRD Case=Cpd # saMvedana NC Case=Nom|Number=1|Gender=Neut # ca CCD # paryudAsa NC Case=Nom|Number=1|Gender=Masc #
/home/basti/code/dvarapandita/data/jna050_ssa:46	na hi tad api śabdapratyakṣodayavinākṛtam upapadyate paṭuśravaṇasya | nirvikalpakasya tu na niṣedhe 'dhikāraḥ | kevalaṃ yāvaddeśasaṃbaddhasya dhvaner adhyakṣaṃ na vyabhicarati rasādipratyakṣaṃ vikalpākārasaṃvedanaṃ vā tāvaddeśaśabdāpekṣaiva paryudāso vaktavyaḥ anyaṃ prati pratiyogasyānyonyapratyakṣāvyabhicāralakṣaṇasya vaktum aśakyatvāt | tataś ca pūrvavat pratyakṣasiddhir abhāvasya | vyavahāraś ca phalaṃ dṛśyānupalabdher eva śabde 'pīti siddham |	na CNG # hi CX # tad PRD Case=Nom|Number=1|Gender=Neut # api CX # Sabda NC Case=Cpd # pratyakza NC Case=Cpd # udaya NC Case=Cpd # vinAkRta NC Case=Nom|Number=1|Gender=Neut # upapad V Tense=Pres|Mood=Ind|Person=3|Number=Sing # pawu NC Case=Cpd # SravaNa NC Case=Gen|Number=1|Gender=Neut # nirvikalpaka JJ Case=Gen|Number=1|Gender=Neut # tu CCD # na CNG # nizeDa NC Case=Loc|Number=1|Gender=Masc # aDikAra NC Case=Nom|Number=1|Gender=Masc # kevala JJ Case=Nom|Number=1|Gender=Neut # yAvat CX # deSa NC Case=Cpd # sambanD PPP Case=Gen|Number=1|Gender=Neut|VerbForm=PPP #Dvani NC Case=Gen|Number=1|Gender=Masc # aDyakza NC Case=Acc|Number=1|Gender=Masc # na CNG # vyaBicar V Tense=Pres|Mood=Ind|Person=3|Number=Sing # rasa NC Case=Cpd # Adi NC Case=Cpd # pratyakza NC Case=Nom|Number=1|Gender=Neut # vikalpa NC Case=Cpd # AkAra NC Case=Cpd # saMvedana NC Case=Nom|Number=1|Gender=Neut # vA CCD # tAvat CX # deSa NC Case=Cpd # Sabda NC Case=Cpd # apekzA NC Case=Nom|Number=1|Gender=Fem # eva CEM # paryudAsa NC Case=Nom|Number=1|Gender=Masc # vac KDG Case=Nom|Number=1|Gender=Masc|VerbForm=Ger # anya PPX Case=Acc|Number=1|Gender=Masc #pratiyoga NC Case=Gen|Number=1|Gender=Masc # anyonya PRC Case=Cpd # pratyakza JJ Case=Cpd # avyaBicAra NC Case=Cpd # lakzaNa NC Case=Gen|Number=1|Gender=Masc # vac CGDI VerbForm=Inf # aSakya JJ Case=Cpd # tva NC Case=Abl|Number=1|Gender=Neut # tatas CX # ca CCD # pUrvavat CX # pratyakza JJ Case=Cpd # sidDi NC Case=Nom|Number=1|Gender=Fem # aBAva NC Case=Gen|Number=1|Gender=Masc # vyavahAra NC Case=Nom|Number=1|Gender=Masc #ca CCD # Pala NC Case=Nom|Number=1|Gender=Neut # dRS KDG Case=Cpd|VerbForm=Ger # anupalabDi NC Case=Abl|Number=1|Gender=Fem # eva CEM # Sabda NC Case=Loc|Number=1|Gender=Masc # pIti NC Case=Nom|Number=1|Gender=Neut # siD PPP Case=Nom|Number=1|Gender=Neut|VerbForm=PPP #
/home/basti/code/dvarapandita/data/jna050_ssa:47	 ekadhīvirahe 'py asyā vyāpārānuparodhataḥ |	ekaDI NC Case=Cpd # viraha NC Case=Loc|Number=1|Gender=Masc # api CX # idam PRD Case=Gen|Number=1|Gender=Fem # vyApAra NC Case=Cpd # anuparoDa NC Case=Abl|Number=1|Gender=Masc #
/home/basti/code/dvarapandita/data/jna050_ssa:48	anākṛṣṭer aniṣṭasya pratiyogisamāśrayāt ||	anAkRzwi NC Case=Gen|Number=1|Gender=Fem # anizwa JJ Case=Gen|Number=1|Gender=Masc # pratiyogin JJ Case=Cpd # samASraya NC Case=Abl|Number=1|Gender=Masc #
/home/basti/code/dvarapandita/data/jna050_ssa:49	 iti || ālokādisamagrādhigataye janmādhikavyañjakāpekṣe sūcita ekadhīparicayo śabdapradīpādiṣu | kiñcit tu śrutadṛṣṭapūrvimanasas tādṛgdṛśaḥ saṃvedo 'nyeṣu svānupalabdhir eva hi svādyākāraśūnyānyadhīḥ ||	iti CQT # Aloka NC Case=Cpd # Adi NC Case=Cpd # sama PPX Case=Cpd # gADi NC Case=Cpd # gati NC Case=Dat|Number=1|Gender=Fem # janman NC Case=Cpd # aDika JJ Case=Cpd # vyaQjaka NC Case=Cpd # apekzA NC Case=Loc|Number=1|Gender=Masc # sUcay PPP Case=Nom|Number=1|Gender=Masc|VerbForm=PPP # eka PPX Case=Cpd # DI NC Case=Cpd # paricaya NC Case=Nom|Number=1|Gender=Masc # Sabda NC Case=Cpd # pradIpa NC Case=Cpd # Adi NC Case=Loc|Number=3|Gender=Masc # kaScit PRI Case=Nom|Number=1|Gender=Neut # tu CCD # Sruta NC Case=Cpd # dRS PPP Case=Cpd|VerbForm=PPP # pUrva PPX Case=Cpd # manas NC Case=GentAdRS JJ Case=Cpd # dRS NC Case=Gen|Number=1|Gender=Masc # saMveda NC Case=Nom|Number=1|Gender=Masc # anya PPX Case=Loc|Number=3|Gender=Masc # sva JJ Case=Cpd # anupalabDi NC Case=Nom|Number=1|Gender=Fem # eva CEM # hi CX # svAdu JJ Case=Cpd # AkAra NC Case=Cpd # SUnya JJ Case=Cpd # anya PPX Case=Cpd # DI NC Case=Nom|Number=1|Gender=Masc #
/home/basti/code/dvarapandita/data/jna050_ssa:50	nākṣasya siddhaṃ yadi tādavasthyaṃ śaktinaṃ kāryānupalambhanasya | akṣasya siddhaṃ yadi tādavasthyaṃ phalaṃ na kāryānupalambhanasya ||	na CNG # akza NC Case=Gen|Number=1|Gender=Masc # siD PPP Case=Nom|Number=1|Gender=Neut|VerbForm=PPP # yadi CSB # tAdavasTya NC Case=Nom|Number=1|Gender=Neut # Saktin NC Case=Acc|Number=1|Gender=Masc # kArya NC Case=Cpd # anupalamBana NC Case=Gen|Number=1|Gender=Neut # akza NC Case=Gen|Number=1|Gender=Masc # siD PPP Case=Nom|Number=1|Gender=Neut|VerbForm=PPP # yadi CSB # tAdavasTya NC Case=Nom|Number=1|Gender=Neut # Pala NC Case=Nom|Number=1|Gender=Neut # na CNG # kArya NC Case=Cpd # anupalamBana NC Case=Gen|Number=1|Gender=Neut #
/home/basti/code/dvarapandita/data/jna050_ssa:51	 [198]avaśyāpekṣaṇīyatve svabhāvānupalabdhiṣu |	svaBAva NC Case=Cpd # anupalabDi NC Case=Loc|Number=3|Gender=Fem #
/home/basti/code/dvarapandita/data/jna050_ssa:52	saṃsargasya kathaṃ siddhir jñānakāryadṛśo 'pi vaḥ ||	saMsarga NC Case=Gen|Number=1|Gender=Masc # kaTam CX # sidDi NC Case=Nom|Number=1|Gender=Fem # jQAna NC Case=Cpd # kArya NC Case=Cpd # dRS NC Case=Gen|Number=1|Gender=Fem # api CX # tvad PPR Case=Gen|Number=3|Gender= #
/home/basti/code/dvarapandita/data/jna050_ssa:53	bāhya evaiṣa niyamo yadi tatrāpi kiṃkṛtaḥ |	bAhya JJ Case=Nom|Number=1|Gender=Masc # eva CEM # etad PRD Case=Nom|Number=1|Gender=Masc # niyama NC Case=Nom|Number=1|Gender=Masc # yadi CSB # tatra CAD # api CX # ka PRQ Case=Nom|Number=1|Gender=Neut # kR PPP Case=Nom|Number=1|Gender=Masc|VerbForm=PPP #
/home/basti/code/dvarapandita/data/jna050_ssa:54	pradeśamātrayogyatvāc citrā hi viṣayasthitiḥ ||	pradeSa NC Case=Cpd # mAtra NC Case=Cpd # yogya JJ Case=Cpd # tva NC Case=Abl|Number=1|Gender=Neut # citra JJ Case=Nom|Number=1|Gender=Fem # hi CX # vizaya NC Case=Cpd # sTiti NC Case=Nom|Number=1|Gender=Fem #
/home/basti/code/dvarapandita/data/jna050_ssa:55	anālokasya dhīr yadvad bādhā nānuktabhedikā |	anAloka NC Case=Gen|Number=1|Gender=Masc # DI NC Case=Nom|Number=1|Gender=Fem # yadvat CX # bADA NC Case=Nom|Number=1|Gender=Fem # na CNG # anukta JJ Case=Cpd # BedikA NC Case=Nom|Number=1|Gender=Fem #
/home/basti/code/dvarapandita/data/jna050_ssa:56	saṃsargiṇam anādṛtya tathā bādhāt tu kutracit ||	saMsargin JJ Case=Acc|Number=1|Gender=Masc # anAdRtya CX # taTA CX # bADA NC Case=Abl|Number=1|Gender=Fem # tu CCD # kutracid CX #
/home/basti/code/dvarapandita/data/jna050_ssa:57	 tasyāstu rūpaṃ pratiyogi vastuvijñānam eveti na bhaṭṭabhītiḥ | tathā hi so 'pi pratiyogibhāvo mithaḥ samakṣāvyabhicāra eva ||	tad PRD Case=Gen|Number=1|Gender=Fem # tu CCD # rUpa NC Case=Nom|Number=1|Gender=Neut # pratiyogin JJ Case=Nom|Number=1|Gender=Neut # vastu NC Case=Cpd # vijQAna NC Case=Nom|Number=1|Gender=Neut # eva CEM # iti CQT # na CNG # BawwaBIti NC Case=Nom|Number=1|Gender=Fem # taTA CX # hi CX # tad PRD Case=Nom|Number=1|Gender=Masc # api CX # pratiyogin JJ Case=Cpd # BAva NC Case=Nom|Number=1|Gender=Masc # miTas CX # samakza JJ Case=Cpd # avyaBicAra NC Case=Nom|Number=1|Gender=Masc # eva CEM #
/home/basti/code/dvarapandita/data/jna050_ssa:58	 tata evaikavijñānam anyābhāvavikalpakṛt |	tatas CX # eva CEM # eka PPX Case=Cpd # vijQAna NC Case=Nom|Number=1|Gender=Neut # anya PPX Case=Cpd # aBAva NC Case=Cpd # vikalpa NC Case=Cpd # kRt JJ Case=Nom|Number=1|Gender=Neut #
/home/basti/code/dvarapandita/data/jna050_ssa:59	nābhāvabodhyo 'dhyakṣeṇa tatkṛtān niścayāt paraḥ ||	na CNG # aBAva NC Case=Cpd # buD KDG Case=Nom|Number=1|Gender=Masc|VerbForm=Ger # Dyakza NC Case=Ins|Number=1|Gender=Masc # tad PRD Case=Cpd # kR PPP Case=Abl|Number=1|Gender=Masc|VerbForm=PPP # niScaya NC Case=Abl|Number=1|Gender=Masc # para PPX Case=Nom|Number=1|Gender=Masc #
/home/basti/code/dvarapandita/data/jna050_ssa:60	yathoktapratiyogitve saty eva kṣamam akṣajam |	yaTA CCM # vac PPP Case=Cpd|VerbForm=PPP # pratiyogin JJ Case=Cpd # tva NC Case=Loc|Number=1|Gender=Neut # as KDP Case=Loc|Number=1|Gender=Neut|Tense=Pres|VerbForm=Part # eva CEM # kzama JJ Case=Nom|Number=1|Gender=Neut # akza NC Case=Cpd # ja JJ Case=Nom|Number=1|Gender=Neut #
/home/basti/code/dvarapandita/data/jna050_ssa:61	tadabhāvāvasāyāyetīdṛśī vastunaḥ sthitiḥ ||	tad PRD Case=Cpd # aBAva NC Case=Cpd # avasAya NC Case=Dat|Number=1|Gender=Neut # iti CQT # IdRSa JJ Case=Nom|Number=1|Gender=Fem # vastu NC Case=Gen|Number=1|Gender=Neut # sTiti NC Case=Nom|Number=1|Gender=Fem #
/home/basti/code/dvarapandita/data/jna050_ssa:62	 nanu pratiyogyevaikajñānasaṃsargī sākṣād ekajñānasaṃsargasyābhimatatvān mukhyatayā sākārasvīkārāt | tataḥ sāmarthyād ekaśabdo 'vyabhicāramātropalakṣaṇatayā 'vatiṣṭhate | pratyakṣaikajātyapekṣayā caikavṛttir eva | na caivaṃ saṃjñāmātram tathā rūḍhadarśanāt yathaiko brīhiḥ saṃpannaḥ subhikṣaṃ karotīti | tena yatrāpy ekajñānasaṃsargiṇi dṛśyamāna iti ucyate tatrāpy anyonyapratyakṣāvyabhicāriṇīty ayam evārthaḥ | ekāyatanabhāva eva tūpalakṣaṇatayā prakṛtāpekṣatayā vyākhyeyaḥ yathā pradeśas tajjñānaṃ cānupalabdhir iti |	nanu CX # pratiyogay CGDA VerbForm=Abs # eva CEM # eka PPX Case=Cpd # jQAna NC Case=Cpd # saMsargin JJ Case=Nom|Number=1|Gender=Masc # sAkzAt CX # eka PPX Case=Cpd # jQAna NC Case=Cpd # saMsarga NC Case=Gen|Number=1|Gender=Masc # aBiman PPP Case=Cpd|VerbForm=PPP # tva NC Case=Abl|Number=1|Gender=Neut # muKya JJ Case=Cpd # tA NC Case=Ins|Number=1|Gender=Fem # sAkAra NC Case=Cpd # vIkAra NC Case=Abl|Number=1|Gender=Masc # tatas CX # sAmarTya NC Case=Abl|Number=1|Gender=Neut # eka PPX Case=Cpd # Sabda NC Case=Nom|Number=1|Gender=Masc #vyaBicAra NC Case=Cpd # mAtra NC Case=Cpd # upalakzaNa NC Case=Cpd # tA NC Case=Ins|Number=1|Gender=Fem # avasTA V Tense=Pres|Mood=Ind|Person=3|Number=Sing # pratyakza NC Case=Cpd # eka PPX Case=Cpd # jAti NC Case=Cpd # apekzA NC Case=Ins|Number=1|Gender=Fem # ca CCD # eka PPX Case=Cpd # vRtti NC Case=Nom|Number=1|Gender=Masc # eva CEM # na CNG # ca CCD # evam CX # saMjQA NC Case=Cpd # mAtra NC Case=Nom|Number=1|Gender=Neut # taTA CX # ruh PPP Case=Cpd|VerbForm=PPP # darSana NC Case=Abl|Number=1|Gender=Neut # yaTA CCM # eka PPX Case=Nom|Number=1|Gender=Masc #brIhi NC Case=Nom|Number=1|Gender=Masc # sampad PPP Case=Nom|Number=1|Gender=Masc|VerbForm=PPP # suBikza NC Case=Acc|Number=1|Gender=Neut # kR V Tense=Pres|Mood=Ind|Person=3|Number=Sing # iti CQT # tad PRD Case=Ins|Number=1|Gender=Neut # yatra CX # api CX # eka PPX Case=Cpd # jQAna NC Case=Cpd # saMsargin JJ Case=Loc|Number=1|Gender=Masc # dRS KDP Case=Nom|Number=1|Gender=Masc|Tense=Pres|Voice=Pass|VerbForm=Part # iti CQT # vac V Tense=Pres|Mood=Ind|Voice=Pass|Person=3|Number=Sing # tatra CAD # api CX # anyonya PRC Case=Cpd # pratyakza JJ Case=Nom|Number=1|Gender=Fem # aidam PRD Case=Nom|Number=1|Gender=Masc # eva CEM # arTa NC Case=Nom|Number=1|Gender=Masc # ekAyatana NC Case=Cpd # BAva NC Case=Nom|Number=1|Gender=Masc # eva CEM # tu CCD # upalakzaNatA NC Case=Ins|Number=1|Gender=Fem # prakR PPP Case=Cpd|VerbForm=PPP # apekzA NC Case=Ins|Number=1|Gender=Fem # vyAKyA KDG Case=Nom|Number=1|Gender=Masc|VerbForm=Ger # yaTA CCM # pradeSa NC Case=Nom|Number=1|Gender=Masc # tad PRD Case=Cpd # jQAna NC Case=Nom|Number=1|Gender=Neut # ca CCD # anupalabDi NC Case=Nom|Number=1|Gender=Fem # iti CQT #
/home/basti/code/dvarapandita/data/jna050_ssa:63	tataś ca svabhāvānupalabdhau pratiyogisamāśraya ity ekajñānasaṃsargasamāśraya evokto bhavatīti katham avyāpakam ekajñānasaṃsargitvaṃ nāma | satyam evam | pratiyugasitaikadhīsthitir yadi bhavate pratibhāti kā kṣatiḥ | nanu sakalakalāpasaṃhṛtaṃ svayam adṛśo 'stu niṣedhanaṃ dhvaneḥ ||	tatas CX # ca CCD # svaBAva NC Case=Cpd # anupalabDi NC Case=Loc|Number=1|Gender=Fem # pratiyogin JJ Case=Cpd # samASraya NC Case=Nom|Number=1|Gender=Masc # iti CQT # eka PPX Case=Cpd # jQAna NC Case=Cpd # saMsarga NC Case=Cpd # samASraya NC Case=Nom|Number=1|Gender=Masc # eva CEM # vac PPP Case=Nom|Number=1|Gender=Masc|VerbForm=PPP # BU V Tense=Pres|Mood=Ind|Person=3|Number=Sing # iti CQT # kaTam CX # avyApaka JJ Case=Nom|Number=1|Gender=Neut # eka PPX Case=Cpd # jQAna NC Case=Cpd # saMsargin JJ Case=Cpd # tva NC Case=Nom|Number=1|Gender=Neut #nAman NC Case=Nom|Number=1|Gender=Neut # satya NC Case=Nom|Number=1|Gender=Neut # evam CX # pratiyugasita JJ Case=Cpd # eka PPX Case=Cpd # DI NC Case=Cpd # sTiti NC Case=Nom|Number=1|Gender=Fem # yadi CSB # BU V Tense=Pres|Mood=Ind|Person=3|Number=Sing # pratiBA V Tense=Pres|Mood=Ind|Person=3|Number=Sing # ka PRQ Case=Nom|Number=1|Gender=Fem # kzati NC Case=Nom|Number=1|Gender=Fem # nanu CX # sakala JJ Case=Cpd # kalApa NC Case=Cpd # saMhR PPP Case=Nom|Number=1|Gender=Neut|VerbForm=PPP # svayam CX # adRSya JJ Case=Nom|Number=1|Gender=Masc # stu V Tense=Pres|Mood=Imp|Person=2|NumberDvani NC Case=Gen|Number=1|Gender=Masc #
/home/basti/code/dvarapandita/data/jna050_ssa:64	[199] anyonyapratyakṣāvyabhicārasya kenāpi dhvanāv api saṃbhavāt itarasya tu pratiyoginaḥ ayogāt | pratiyogaparyavasitam ekajñānasaṃsargaṃ manyamānasya svānupalabdhiḥ prakṛtaniṣedhe kā parāpekṣā | tasmān na yogyadeśāviśeṣaśabdābhāvasādhane jñānakāryānupalambhaḥ śaraṇīkaraṇīyaḥ svabhāvānupalabdhyaiva siddher iti | timirālokayos tu parasparadeśaparihāreṇa sthitayor abhinnendriyakṛta evaikajñānasaṃsargaḥ sulabha iti tadabhāvasādhanādhikāre dūrasthitaiva svabhāvānupalambhād anyasādhanacinteti ||	anyonya PRC Case=Cpd # pratyakza JJ Case=Cpd # avyaBicAra NC Case=Gen|Number=1|Gender=Masc # ka PRQ Case=Ins|Number=1|Gender=Masc # api CX # Dvani NC Case=Loc|Number=1|Gender=Masc # api CX # samBava NC Case=Abl|Number=1|Gender=Masc # itara PPX Case=Gen|Number=1|Gender=Masc # tu CCD # pratiyogin JJ Case=Gen|Number=1|Gender=Masc # ayoga NC Case=Abl|Number=1|Gender=Masc # pratiyoga NC Case=Cpd # paryavasA PPP Case=Nom|Number=1|Gender=Neut|VerbForm=PPP # eka PPX Case=Cpd # jQAna NC Case=Cpd # saMsarga NC Case=Nom|Number=1|Gender=Neut #man KDP Case=Gen|Number=1|Gender=Masc|Tense=Pres|VerbForm=Part # sva JJ Case=Cpd # anupalabDi NC Case=Nom|Number=1|Gender=Fem # prakR PPP Case=Cpd|VerbForm=PPP # nizeDa NC Case=Loc|Number=1|Gender=Masc # ka PRQ Case=Nom|Number=1|Gender=Fem # parApekza JJ Case=Nom|Number=1|Gender=Fem # tasmAt CX # na CNG # yogya JJ Case=Cpd # deSa NC Case=Cpd # aviSeza NC Case=Cpd # Sabda NC Case=Cpd # aBAva NC Case=Cpd # sADana NC Case=Loc|Number=1|Gender=Neut # jQAna NC Case=Cpd # kArya NC Case=Cpd # anupalamBa NC Case=Nom|Number=1|Gender=Masc # SaraNIkR KDG Case=Nom|Number=1|Gender=Masc|VerbForm=Ger #svaBAva NC Case=Cpd # anupalabDi NC Case=Ins|Number=1|Gender=Fem # eva CEM # sidDi NC Case=Gen|Number=1|Gender=Fem # iti CQT # timira NC Case=Cpd # Aloka NC Case=Gen|Number=2|Gender=Masc # tu CCD # paraspara PRC Case=Cpd # deSa NC Case=Cpd # parihAra NC Case=Ins|Number=1|Gender=Masc # sTA PPP Case=Gen|Number=2|Gender=Masc|VerbForm=PPP # aBinna JJ Case=Cpd # indriya NC Case=Cpd # kR PPP Case=Nom|Number=1|Gender=Masc|VerbForm=PPP # eva CEM # eka PPX Case=Cpd # jQAna NC Case=Cpd # saMsarga NC Case=Nom|Number=1|Gender=Masc # sulaBa JJ Case=Voc|Number=1|Gender=Masc #iti CQT # tad PRD Case=Cpd # aBAva NC Case=Cpd # sADana NC Case=Cpd # aDikAra NC Case=Loc|Number=1|Gender=Masc # dUra JJ Case=Cpd # sTA PPP Case=Nom|Number=1|Gender=Fem|VerbForm=PPP # eva CEM # svaBAva NC Case=Cpd # anupalamBa NC Case=Abl|Number=1|Gender=Masc # anya PPX Case=Cpd # sADana NC Case=Cpd # cintA NC Case=Nom|Number=1|Gender=Fem # iti CQT #
/home/basti/code/dvarapandita/data/jna050_ssa:65	 || sarvaśabdābhāvacarcā samāptā ||	sarva JQ Case=Cpd # Sabda NC Case=Cpd # aBAva NC Case=Cpd # carcA NC Case=Nom|Number=1|Gender=Fem # samAp PPP Case=Nom|Number=1|Gender=Fem|VerbForm=PPP #
